YEAR,MONTH_NUM,MONTH_MON,APT_ICAO,APT_NAME,STATE_NAME,TF,VALID_FL,NO_REF,TOTAL_REF_NB_FL,TOTAL_REF_TIME_MIN,TOTAL_ADD_TIME_MIN,COMMENT
2024,01,JAN,LOWW,Vienna,Austria,8040,6790,0,6790,75023.53,17942.920000000002,
2024,01,JAN,EBBR,Brussels,Belgium,6757,5321,11,5310,59749.76500000001,14221.9516666667,
2024,01,JAN,EBCI,Charleroi,Belgium,2891,1985,36,1949,21654.2575,4591.709166666666,
2024,01,JAN,LBSF,Sofia,Bulgaria,2410,1878,35,1843,20446.304166666698,5172.845833333333,
2024,01,JAN,LDZA,Zagreb,Croatia,1768,1482,34,1448,16217.135833333301,3966.630833333333,
2024,01,JAN,LKPR,Prague,Czech Republic,3916,3209,54,3155,35706.6,8689.666666666666,
2024,01,JAN,EKCH,Copenhagen - Kastrup,Denmark,7757,6250,36,6214,72952.91,16499.723333333302,
2024,01,JAN,EETN,Tallinn,Estonia,1390,721,11,710,7607.845833333333,2025.1875,
2024,01,JAN,EFHK,Helsinki - Vantaa,Finland,5842,3928,64,3864,40483.838333333304,10147.145,
2024,01,JAN,LFBO,Toulouse-Blagnac,France,2364,1971,15,1956,23080.4433333333,3682.4066666666663,
2024,01,JAN,LFLL,Lyon-Saint-Exupéry,France,3293,2800,12,2788,31264.9175,5375.449166666665,
2024,01,JAN,LFML,Marseille-Provence,France,3340,2688,18,2670,23922.1708333333,9414.112500000001,
2024,01,JAN,LFMN,Nice-Côte d’Azur,France,3824,3356,25,3331,37833.6391666667,10806.6608333333,
2024,01,JAN,LFPG,Paris-Charles-de-Gaulle,France,15875,12812,161,12651,169067.5141666666,30030.7858333333,
2024,01,JAN,LFPO,Paris-Orly,France,6718,5722,55,5667,71162.8033333333,13368.5133333333,
2024,01,JAN,LFSB,Bâle-Mulhouse,France,2677,1740,13,1727,20441.504999999997,5347.795,
2024,01,JAN,EDDB,Berlin - Brandenburg,Germany,5988,5132,35,5097,61381.4433333333,13167.94,
2024,01,JAN,EDDC,Dresden,Germany,330,278,12,266,3046.583333333333,886.7166666666672,
2024,01,JAN,EDDE,Erfurt,Germany,169,42,42,0,,,NO REF FLIGHT
2024,01,JAN,EDDF,Frankfurt,Germany,15493,13660,17,13643,173912.01750000002,42054.232500000006,
2024,01,JAN,EDDG,Muenster-Osnabrueck,Germany,755,236,23,213,2406.4266666666663,611.94,
2024,01,JAN,EDDH,Hamburg,Germany,3863,3329,68,3261,40185.5725,8258.3275,
2024,01,JAN,EDDK,Cologne-Bonn,Germany,3701,1935,127,1808,20726.4808333333,4906.0025000000005,
2024,01,JAN,EDDL,Dusseldorf,Germany,4730,4018,3,4015,47682.190833333305,8602.975833333334,
2024,01,JAN,EDDM,Munich,Germany,10859,9655,0,9655,112139.3449999999,25046.2383333333,
2024,01,JAN,EDDN,Nuremberg,Germany,1709,864,34,830,9872.1225,1949.9941666666662,
2024,01,JAN,EDDP,Leipzig-Halle,Germany,2864,993,57,936,10856.0783333333,2132.438333333333,
2024,01,JAN,EDDR,Saarbruecken,Germany,117,81,25,56,580.5,221.983333333333,
2024,01,JAN,EDDS,Stuttgart,Germany,3017,2002,0,2002,23063.1433333333,4077.1566666666663,
2024,01,JAN,EDDV,Hanover,Germany,1969,1058,82,976,10723.8925,2548.8575,
2024,01,JAN,EDDW,Bremen,Germany,1090,567,14,553,6472.121666666666,1554.644999999999,
2024,01,JAN,LGAV,Athens,Greece,7442,5940,90,5850,64663.63666666671,20413.813333333303,
2024,01,JAN,LHBP,Budapest - Ferihegy,Hungary,4280,3220,34,3186,39186.5158333333,6681.8175,
2024,01,JAN,BIKF,Keflavik,Iceland,,,,,,,NO DATA RECEIVED
2024,01,JAN,EICK,Cork,Ireland,1609,600,4,596,6543.8133333333335,1387.6699999999992,
2024,01,JAN,EIDW,Dublin,Ireland,8409,6673,10,6663,72425.4566666667,18088.4433333333,
2024,01,JAN,LICC,Catania,Italy,2607,2138,24,2114,22235.65,7137.583333333333,
2024,01,JAN,LIMC,Milan - Malpensa,Italy,7234,5609,0,5609,62868.8333333333,16956.75,
2024,01,JAN,LIME,Bergamo,Italy,4135,3259,46,3213,39328.950000000004,8165.133333333333,
2024,01,JAN,LIMF,Torino Caselle,Italy,1831,1324,0,1324,15754.5916666667,4966.125,
2024,01,JAN,LIML,Milan - Linate,Italy,4450,3876,19,3857,40799.05666666671,9948.61,
2024,01,JAN,LIPE,Bologna,Italy,2496,1945,0,1945,23275.3,5832.05,
2024,01,JAN,LIPZ,Venice,Italy,2594,2130,20,2110,21473.216666666696,5953.4000000000005,
2024,01,JAN,LIRA,Rome - Ciampino,Italy,1631,1410,54,1356,12977.0241666667,2596.1425,
2024,01,JAN,LIRF,Rome - Fiumicino,Italy,10467,8879,0,8879,97272.67,29533.7466666667,
2024,01,JAN,LIRN,Naples,Italy,2371,2005,22,1983,22304.9208333333,4449.345833333333,
2024,01,JAN,EVRA,Riga,Latvia,2006,1382,11,1371,14877.1833333333,3349.933333333333,
2024,01,JAN,ELLX,Luxembourg,Luxembourg,2784,1854,0,1854,21062.304166666698,4799.362499999999,
2024,01,JAN,LMML,Malta,Malta,2570,1575,43,1532,16273.145,7037.238333333333,
2024,01,JAN,GMMN,Mohammed V International,Morocco,,,,,,,NO DATA RECEIVED
2024,01,JAN,GMMX,Menara,Morocco,,,,,,,NO DATA RECEIVED
2024,01,JAN,EHAM,Amsterdam - Schiphol,Netherlands,18252,16124,126,15998,187943.0008333333,47142.8991666667,
2024,01,JAN,ENBR,Bergen,Norway,,,,,,,DATA ISSUE
2024,01,JAN,ENGM,Oslo - Gardermoen,Norway,7280,6277,76,6201,68225.1733333333,18819.4766666667,
2024,01,JAN,ENVA,Trondheim,Norway,,,,,,,DATA ISSUE
2024,01,JAN,ENZV,Stavanger,Norway,,,,,,,DATA ISSUE
2024,01,JAN,EPWA,Warszawa - Chopina,Poland,6504,5193,26,5167,57111.7533333333,14793.063333333299,
2024,01,JAN,LPFR,Faro,Portugal,1235,1111,30,1081,12014.4325,1972.9341666666662,
2024,01,JAN,LPPR,Porto,Portugal,3465,2855,12,2843,33822.9266666667,8164.723333333333,
2024,01,JAN,LPPT,Lisbon,Portugal,8290,6866,12,6854,85776.2733333333,23588.1933333333,
2024,01,JAN,LROP,Bucharest - Otopeni,Romania,4308,3051,0,3051,33460.1325,7953.400833333333,
2024,01,JAN,LZIB,Bratislava,Slovakia,768,372,19,353,3776.005833333333,1175.510833333333,
2024,01,JAN,LJLJ,Ljubljana,Slovenia,927,574,1,573,6442.914166666666,1561.9858333333332,
2024,01,JAN,GCFV,Fuerteventura,Spain,1929,1869,1,1868,22798.7416666667,4368.325,
2024,01,JAN,GCLP,Gran Canaria,Spain,5472,4258,144,4114,51322.5816666667,14527.685,
2024,01,JAN,GCRR,Lanzarote,Spain,2689,2500,2,2498,31079.45,6093.0166666666655,
2024,01,JAN,GCTS,Tenerife Sur - Reina Sofia,Spain,3823,3419,34,3385,42411.014166666704,10812.0858333333,
2024,01,JAN,GCXO,Tenerife North,Spain,2836,1362,1,1361,14772.872500000001,3037.944166666666,
2024,01,JAN,LEAL,Alicante,Spain,3220,2850,34,2816,33144.088333333304,7062.261666666666,
2024,01,JAN,LEBB,Bilbao,Spain,1546,1248,0,1248,14759.665,3290.518333333333,
2024,01,JAN,LEBL,Barcelona,Spain,11686,9622,221,9401,110073.3991666666,22477.734166666698,
2024,01,JAN,LEIB,Ibiza,Spain,1245,742,3,739,8327.966666666665,1889.2666666666662,
2024,01,JAN,LEMD,Madrid - Barajas,Spain,15602,12581,50,12531,145835.3958333333,28322.9208333333,
2024,01,JAN,LEMG,Málaga,Spain,5103,4336,64,4272,52024.116666666705,13681.8833333333,
2024,01,JAN,LEPA,Palma de Mallorca,Spain,4221,3015,10,3005,35568.518333333304,4563.648333333333,
2024,01,JAN,LEVC,Valencia,Spain,2751,2222,0,2222,25657.5183333333,4491.264999999999,
2024,01,JAN,LEZL,Sevilla,Spain,2426,1897,0,1897,21597.786666666696,4030.046666666666,
2024,01,JAN,ESGG,Göteborg,Sweden,1824,1364,54,1310,14029.2833333333,4227.116666666666,
2024,01,JAN,ESSA,Stockholm - Arlanda,Sweden,6535,5244,2,5242,58493.065,12519.984999999999,
2024,01,JAN,LSGG,Geneva,Switzerland,7007,6041,0,6041,72329.8983333333,23435.934999999998,
2024,01,JAN,LSZH,Zürich,Switzerland,9200,7798,23,7775,93839.5583333333,26548.2916666667,
2024,01,JAN,LTFM,Istanbul,Türkiye,20398,13626,42,13584,170814.355,64831.445,
2024,01,JAN,EGBB,Birmingham,United Kingdom,2913,2500,0,2500,30222.851666666702,6417.831666666666,
2024,01,JAN,EGCC,Manchester,United Kingdom,,,,,,,NO DATA RECEIVED
2024,01,JAN,EGGD,Bristol,United Kingdom,2287,1748,1,1747,20411.7375,3870.1958333333328,
2024,01,JAN,EGGW,London - Luton,United Kingdom,4333,3334,12,3322,44258.878333333305,10422.6216666667,
2024,01,JAN,EGKK,London - Gatwick,United Kingdom,7942,6496,0,6496,84177.8833333333,22482.2833333333,
2024,01,JAN,EGLC,London - City,United Kingdom,1840,1781,94,1687,18563.7666666667,3959.483333333333,
2024,01,JAN,EGLL,London - Heathrow,United Kingdom,18566,16303,63,16240,221914.4516666666,111079.315,
2024,01,JAN,EGNT,Newcastle,United Kingdom,1484,1048,48,1000,11690.2691666667,2272.414166666666,
2024,01,JAN,EGPD,Aberdeen,United Kingdom,1358,1148,2,1146,13125.800000000001,3700.166666666666,
2024,01,JAN,EGPF,Glasgow,United Kingdom,2248,1823,37,1786,21749.399999999998,4767.283333333333,
2024,01,JAN,EGPH,Edinburgh,United Kingdom,3814,3086,15,3071,38081.25,7617.833333333333,
2024,01,JAN,EGSS,London - Stansted,United Kingdom,7348,5645,16,5629,73464.4666666667,15479.116666666701,
2024,02,FEB,LOWW,Vienna,Austria,7726,6532,0,6532,71766.2675,15965.682499999999,
2024,02,FEB,EBBR,Brussels,Belgium,6939,5448,46,5402,60708.8491666667,13828.2508333333,
2024,02,FEB,EBCI,Charleroi,Belgium,2526,1735,31,1704,18935.425000000003,3642.574999999999,
2024,02,FEB,LBSF,Sofia,Bulgaria,2189,1736,58,1678,18396.6416666667,4113.441666666666,
2024,02,FEB,LDZA,Zagreb,Croatia,1642,1376,0,1376,15371.6783333333,3433.405,
2024,02,FEB,LKPR,Prague,Czech Republic,3970,3287,46,3241,36918.27666666671,7753.356666666666,
2024,02,FEB,EKCH,Copenhagen - Kastrup,Denmark,8089,6604,16,6588,77431.4458333333,16847.6541666667,
2024,02,FEB,EETN,Tallinn,Estonia,1296,672,5,667,7045.25,1303.05,
2024,02,FEB,EFHK,Helsinki - Vantaa,Finland,5418,3665,81,3584,37238.9375,8236.862500000001,
2024,02,FEB,LFBO,Toulouse-Blagnac,France,2480,2085,40,2045,24340.6625,4014.187499999999,
2024,02,FEB,LFLL,Lyon-Saint-Exupéry,France,3441,2953,16,2937,32869.775,5709.375,
2024,02,FEB,LFML,Marseille-Provence,France,3229,2610,9,2601,23374.8166666667,9026.2,
2024,02,FEB,LFMN,Nice-Côte d’Azur,France,4039,3563,64,3499,39885.034999999996,11979.565,
2024,02,FEB,LFPG,Paris-Charles-de-Gaulle,France,15846,12747,111,12636,167392.2341666666,28893.9658333333,
2024,02,FEB,LFPO,Paris-Orly,France,6818,5762,50,5712,74003.3966666667,13033.8033333333,
2024,02,FEB,LFSB,Bâle-Mulhouse,France,2889,1913,7,1906,22210.7716666667,5072.278333333333,
2024,02,FEB,EDDB,Berlin - Brandenburg,Germany,6224,5350,41,5309,64242.406666666706,12860.81,
2024,02,FEB,EDDC,Dresden,Germany,355,264,3,261,3044.500833333333,655.6825,
2024,02,FEB,EDDE,Erfurt,Germany,162,69,69,0,,,NO REF FLIGHT
2024,02,FEB,EDDF,Frankfurt,Germany,15093,13283,33,13250,166920.7858333333,39559.764166666704,
2024,02,FEB,EDDG,Muenster-Osnabrueck,Germany,805,271,25,246,2798.533333333333,738.95,
2024,02,FEB,EDDH,Hamburg,Germany,3897,3428,74,3354,41895.8566666667,7582.826666666666,
2024,02,FEB,EDDK,Cologne-Bonn,Germany,3633,1883,96,1787,20575.173333333303,4208.66,
2024,02,FEB,EDDL,Dusseldorf,Germany,4770,4129,3,4126,48963.75,8970.35,
2024,02,FEB,EDDM,Munich,Germany,11172,9749,0,9749,113332.81416666659,22606.5858333333,
2024,02,FEB,EDDN,Nuremberg,Germany,1634,852,21,831,10003.9633333333,2048.536666666666,
2024,02,FEB,EDDP,Leipzig-Halle,Germany,2747,984,42,942,10996.0833333333,2069.566666666666,
2024,02,FEB,EDDR,Saarbruecken,Germany,128,96,24,72,753.79,293.626666666667,
2024,02,FEB,EDDS,Stuttgart,Germany,3198,2125,0,2125,24372.0441666667,4050.2391666666663,
2024,02,FEB,EDDV,Hanover,Germany,2015,1080,94,986,10921.1758333333,2387.890833333333,
2024,02,FEB,EDDW,Bremen,Germany,1044,560,14,546,6369.908333333333,1282.0749999999991,
2024,02,FEB,LGAV,Athens,Greece,7125,5698,76,5622,62503,16973.7333333333,
2024,02,FEB,LHBP,Budapest - Ferihegy,Hungary,3992,3040,27,3013,36292.4191666667,5767.814166666666,
2024,02,FEB,BIKF,Keflavik,Iceland,,,,,,,NO DATA RECEIVED
2024,02,FEB,EICK,Cork,Ireland,1239,584,2,582,6438.033333333333,1211.5666666666662,
2024,02,FEB,EIDW,Dublin,Ireland,8119,6503,34,6469,70252.37083333329,17365.5458333333,
2024,02,FEB,LICC,Catania,Italy,2254,1870,16,1854,19572.1116666667,5770.138333333333,
2024,02,FEB,LIMC,Milan - Malpensa,Italy,7270,5653,0,5653,63098,16741.2,
2024,02,FEB,LIME,Bergamo,Italy,3616,2884,114,2770,33735.200000000004,5875.433333333333,
2024,02,FEB,LIMF,Torino Caselle,Italy,1734,1268,0,1268,15455.983333333299,2670.4,
2024,02,FEB,LIML,Milan - Linate,Italy,4379,3816,8,3808,40169.076666666704,8522.140000000001,
2024,02,FEB,LIPE,Bologna,Italy,2222,1756,0,1756,20748.144999999997,4531.921666666666,
2024,02,FEB,LIPZ,Venice,Italy,2634,2195,57,2138,21752.288333333297,6176.961666666666,
2024,02,FEB,LIRA,Rome - Ciampino,Italy,1534,1383,13,1370,13051.442500000001,2800.407499999999,
2024,02,FEB,LIRF,Rome - Fiumicino,Italy,9915,8468,0,8468,90690.24500000001,28071.6216666667,
2024,02,FEB,LIRN,Naples,Italy,2334,2012,21,1991,22229.2991666667,5069.784166666665,
2024,02,FEB,EVRA,Riga,Latvia,1786,1263,11,1252,13685.25,2936.283333333333,
2024,02,FEB,ELLX,Luxembourg,Luxembourg,2641,1838,0,1838,20993.8583333333,4056.758333333333,
2024,02,FEB,LMML,Malta,Malta,2294,1490,29,1461,15506.0591666667,6386.340833333333,
2024,02,FEB,GMMN,Mohammed V International,Morocco,,,,,,,NO DATA RECEIVED
2024,02,FEB,GMMX,Menara,Morocco,,,,,,,NO DATA RECEIVED
2024,02,FEB,EHAM,Amsterdam - Schiphol,Netherlands,18270,16127,36,16091,191092.5333333333,49452.8333333333,
2024,02,FEB,ENBR,Bergen,Norway,,,,,,,DATA ISSUE
2024,02,FEB,ENGM,Oslo - Gardermoen,Norway,7585,6593,71,6522,72183.5233333333,18226.86,
2024,02,FEB,ENVA,Trondheim,Norway,,,,,,,DATA ISSUE
2024,02,FEB,ENZV,Stavanger,Norway,,,,,,,DATA ISSUE
2024,02,FEB,EPWA,Warszawa - Chopina,Poland,6295,5050,66,4984,54855.7833333333,13280.616666666701,
2024,02,FEB,LPFR,Faro,Portugal,1397,1236,39,1197,13215.733333333299,2088.7000000000003,
2024,02,FEB,LPPR,Porto,Portugal,3431,2822,12,2810,33053.5716666667,9138.295,
2024,02,FEB,LPPT,Lisbon,Portugal,8258,6862,4,6858,85058.19166666671,24686.1083333333,
2024,02,FEB,LROP,Bucharest - Otopeni,Romania,3962,2821,0,2821,30847.616666666698,8159.9000000000005,
2024,02,FEB,LZIB,Bratislava,Slovakia,765,358,60,298,3121.348333333333,883.635,
2024,02,FEB,LJLJ,Ljubljana,Slovenia,959,576,0,576,6495.758333333333,1395.075,
2024,02,FEB,GCFV,Fuerteventura,Spain,1898,1820,1,1819,22440.0141666667,4568.169166666666,
2024,02,FEB,GCLP,Gran Canaria,Spain,5566,4303,70,4233,54171.6775,18155.3391666667,
2024,02,FEB,GCRR,Lanzarote,Spain,2706,2523,2,2521,31520.11,6727.956666666666,
2024,02,FEB,GCTS,Tenerife Sur - Reina Sofia,Spain,3717,3307,37,3270,39913.41666666671,12878.983333333299,
2024,02,FEB,GCXO,Tenerife North,Spain,2962,1450,0,1450,15570.9166666667,3459.583333333333,
2024,02,FEB,LEAL,Alicante,Spain,3174,2835,44,2791,32784.9833333333,6848.816666666666,
2024,02,FEB,LEBB,Bilbao,Spain,1551,1272,0,1272,14882.8391666667,3385.777499999999,
2024,02,FEB,LEBL,Barcelona,Spain,11655,9610,84,9526,110706.79833333331,25713.3683333333,
2024,02,FEB,LEIB,Ibiza,Spain,1168,671,2,669,7535.183333333333,1573.366666666666,
2024,02,FEB,LEMD,Madrid - Barajas,Spain,15261,12299,67,12232,143182.2858333333,31637.7808333333,
2024,02,FEB,LEMG,Málaga,Spain,5016,4275,49,4226,52374.880000000005,15811.886666666702,
2024,02,FEB,LEPA,Palma de Mallorca,Spain,4439,3174,11,3163,37464.0383333333,5289.328333333333,
2024,02,FEB,LEVC,Valencia,Spain,2657,2160,0,2160,25046.7,4166.733333333333,
2024,02,FEB,LEZL,Sevilla,Spain,2422,1889,0,1889,21258.120833333298,3905.5291666666662,
2024,02,FEB,ESGG,Göteborg,Sweden,1782,1350,33,1317,14124.218333333301,4246.481666666666,
2024,02,FEB,ESSA,Stockholm - Arlanda,Sweden,6745,5514,0,5514,62205.0483333333,11903.185,
2024,02,FEB,LSGG,Geneva,Switzerland,7265,6214,0,6214,73444.4833333333,24457.7333333333,
2024,02,FEB,LSZH,Zürich,Switzerland,8864,7630,2,7628,90424.7508333333,23017.1491666667,
2024,02,FEB,LTFM,Istanbul,Türkiye,19017,12741,78,12663,160388.1366666666,53775.8633333333,
2024,02,FEB,EGBB,Birmingham,United Kingdom,2971,2596,0,2596,31694.2641666667,6234.0858333333335,
2024,02,FEB,EGCC,Manchester,United Kingdom,,,,,,,NO DATA RECEIVED
2024,02,FEB,EGGD,Bristol,United Kingdom,2395,1905,0,1905,22433,4458.483333333333,
2024,02,FEB,EGGW,London - Luton,United Kingdom,4612,3575,8,3567,47889.37,12448.230000000001,
2024,02,FEB,EGKK,London - Gatwick,United Kingdom,8821,7235,0,7235,93733.7583333333,33193.308333333305,
2024,02,FEB,EGLC,London - City,United Kingdom,2126,2057,78,1979,21063.4266666667,4861.523333333333,
2024,02,FEB,EGLL,London - Heathrow,United Kingdom,18190,15971,35,15936,216875.2666666666,135336.7333333333,
2024,02,FEB,EGNT,Newcastle,United Kingdom,1498,1082,61,1021,12051.606666666701,2196.343333333333,
2024,02,FEB,EGPD,Aberdeen,United Kingdom,1439,1213,0,1213,13913.7875,3388.4125000000004,
2024,02,FEB,EGPF,Glasgow,United Kingdom,2332,1907,37,1870,22790.8116666667,5056.638333333333,
2024,02,FEB,EGPH,Edinburgh,United Kingdom,3887,3189,5,3184,39023.4375,8030.279166666666,
2024,02,FEB,EGSS,London - Stansted,United Kingdom,6889,5345,10,5335,66784.7,13778.4166666667,
2024,03,MAR,LOWW,Vienna,Austria,8831,7414,0,7414,81460.3291666667,19163.6375,
2024,03,MAR,EBBR,Brussels,Belgium,7611,5980,200,5780,64908.1191666667,12055.5641666667,
2024,03,MAR,EBCI,Charleroi,Belgium,3260,2014,52,1962,21755.6683333333,3512.798333333333,
2024,03,MAR,LBSF,Sofia,Bulgaria,2588,2047,79,1968,21149.8258333333,4905.424166666666,
2024,03,MAR,LDZA,Zagreb,Croatia,1907,1585,0,1585,17761.0491666667,3948.267499999999,
2024,03,MAR,LKPR,Prague,Czech Republic,4716,3945,311,3634,40463.3,8047.450000000001,
2024,03,MAR,EKCH,Copenhagen - Kastrup,Denmark,9112,7466,12,7454,86618.8358333333,18367.1308333333,
2024,03,MAR,EETN,Tallinn,Estonia,1556,794,7,787,8323.998333333335,1516.5683333333332,
2024,03,MAR,EFHK,Helsinki - Vantaa,Finland,6104,4080,68,4012,41405.8883333333,8448.028333333334,
2024,03,MAR,LFBO,Toulouse-Blagnac,France,2787,2372,60,2312,27261.8508333333,4335.765833333333,
2024,03,MAR,LFLL,Lyon-Saint-Exupéry,France,3620,3058,22,3036,34143.2658333333,5493.800833333333,
2024,03,MAR,LFML,Marseille-Provence,France,3586,2848,29,2819,25277.894166666698,11495.2225,
2024,03,MAR,LFMN,Nice-Côte d’Azur,France,5071,4550,45,4505,51583.2508333333,16717.1491666667,
2024,03,MAR,LFPG,Paris-Charles-de-Gaulle,France,18215,14715,156,14559,194439.9166666666,30915.2666666667,
2024,03,MAR,LFPO,Paris-Orly,France,8086,6886,85,6801,86882.0916666667,13780.308333333302,
2024,03,MAR,LFSB,Bâle-Mulhouse,France,3200,2164,5,2159,25111.1316666667,5596.785,
2024,03,MAR,EDDB,Berlin - Brandenburg,Germany,7311,6335,80,6255,72682.7908333333,12706.2091666667,
2024,03,MAR,EDDC,Dresden,Germany,426,323,20,303,3376.103333333333,647.6633333333331,
2024,03,MAR,EDDE,Erfurt,Germany,194,54,54,0,,,NO REF FLIGHT
2024,03,MAR,EDDF,Frankfurt,Germany,16985,14982,17,14965,191109.2608333333,38873.3225,
2024,03,MAR,EDDG,Muenster-Osnabrueck,Germany,984,286,29,257,2873.170833333333,626.4625,
2024,03,MAR,EDDH,Hamburg,Germany,4741,3988,80,3908,48103.374166666705,7937.759166666666,
2024,03,MAR,EDDK,Cologne-Bonn,Germany,4217,2239,177,2062,24277.0208333333,4418.3291666666655,
2024,03,MAR,EDDL,Dusseldorf,Germany,5704,4898,4,4894,58278.2675,8732.299166666666,
2024,03,MAR,EDDM,Munich,Germany,12095,10644,0,10644,122764.3908333333,23946.6425,
2024,03,MAR,EDDN,Nuremberg,Germany,1851,949,44,905,10669.6716666667,1991.2783333333332,
2024,03,MAR,EDDP,Leipzig-Halle,Germany,3149,1164,39,1125,12927.2541666667,2073.4291666666663,
2024,03,MAR,EDDR,Saarbruecken,Germany,173,123,101,22,217.066666666667,50.01666666666666,
2024,03,MAR,EDDS,Stuttgart,Germany,3693,2496,0,2496,28805.456666666698,4179.793333333333,
2024,03,MAR,EDDV,Hanover,Germany,2595,1226,110,1116,12147.2975,2526.419166666666,
2024,03,MAR,EDDW,Bremen,Germany,1388,650,9,641,7342.804166666666,1629.279166666666,
2024,03,MAR,LGAV,Athens,Greece,8373,6563,3,6560,73727.9275,20946.4558333333,
2024,03,MAR,LHBP,Budapest - Ferihegy,Hungary,4732,3616,45,3571,42978.150833333304,6618.5825,
2024,03,MAR,BIKF,Keflavik,Iceland,,,,,,,NO DATA RECEIVED
2024,03,MAR,EICK,Cork,Ireland,1499,691,2,689,7760.9783333333335,1527.5383333333332,
2024,03,MAR,EIDW,Dublin,Ireland,9637,7604,1,7603,87989.1608333333,25924.8891666667,
2024,03,MAR,LICC,Catania,Italy,2588,2161,215,1946,20574.826666666697,6722.09,
2024,03,MAR,LIMC,Milan - Malpensa,Italy,8267,6441,76,6365,71002.8133333333,20958.403333333303,
2024,03,MAR,LIME,Bergamo,Italy,4236,3381,315,3066,37322.28,8159.136666666666,
2024,03,MAR,LIMF,Torino Caselle,Italy,1841,1370,5,1365,16739.7275,4166.839166666666,
2024,03,MAR,LIML,Milan - Linate,Italy,4812,4164,191,3973,42024.1366666667,9100.23,
2024,03,MAR,LIPE,Bologna,Italy,2686,2130,0,2130,25296.420000000002,6051.929999999999,
2024,03,MAR,LIPZ,Venice,Italy,3028,2565,45,2520,25778.1083333333,5981.375,
2024,03,MAR,LIRA,Rome - Ciampino,Italy,1693,1509,32,1477,14045.734999999999,3541.248333333333,
2024,03,MAR,LIRF,Rome - Fiumicino,Italy,11435,9714,0,9714,104000.7199999999,34800.08,
2024,03,MAR,LIRN,Naples,Italy,2831,2403,22,2381,26724.9633333333,9848.636666666665,
2024,03,MAR,EVRA,Riga,Latvia,2210,1563,15,1548,16825.9175,3267.0325000000003,
2024,03,MAR,ELLX,Luxembourg,Luxembourg,3378,2250,1,2249,25516.39,4566.96,
2024,03,MAR,LMML,Malta,Malta,2796,1849,59,1790,18975.076666666697,7598.973333333333,
2024,03,MAR,GMMN,Mohammed V International,Morocco,,,,,,,NO DATA RECEIVED
2024,03,MAR,GMMX,Menara,Morocco,,,,,,,NO DATA RECEIVED
2024,03,MAR,EHAM,Amsterdam - Schiphol,Netherlands,19989,17508,13,17495,208958.7033333333,51616.69666666671,
2024,03,MAR,ENBR,Bergen,Norway,,,,,,,DATA ISSUE
2024,03,MAR,ENGM,Oslo - Gardermoen,Norway,8484,7421,100,7321,80508.9133333333,17904.27,
2024,03,MAR,ENVA,Trondheim,Norway,,,,,,,DATA ISSUE
2024,03,MAR,ENZV,Stavanger,Norway,,,,,,,DATA ISSUE
2024,03,MAR,EPWA,Warszawa - Chopina,Poland,6918,5580,4,5576,61029.5916666667,13845.958333333301,
2024,03,MAR,LPFR,Faro,Portugal,1935,1759,38,1721,19069.1625,4043.820833333333,
2024,03,MAR,LPPR,Porto,Portugal,4043,3296,12,3284,38731.7533333333,11154.846666666701,
2024,03,MAR,LPPT,Lisbon,Portugal,9326,7701,10,7691,94680.7533333333,40580.630000000005,
2024,03,MAR,LROP,Bucharest - Otopeni,Romania,4462,3114,0,3114,32699.15,8390.05,
2024,03,MAR,LZIB,Bratislava,Slovakia,859,403,85,318,3335.515833333333,847.1175000000001,
2024,03,MAR,LJLJ,Ljubljana,Slovenia,1101,643,2,641,7260.075000000001,1700.825,
2024,03,MAR,GCFV,Fuerteventura,Spain,2280,2202,3,2199,27209.170000000002,6041.7300000000005,
2024,03,MAR,GCLP,Gran Canaria,Spain,6395,4896,200,4696,60327.378333333305,19713.5716666667,
2024,03,MAR,GCRR,Lanzarote,Spain,3119,2918,21,2897,35837.0033333333,8609.73,
2024,03,MAR,GCTS,Tenerife Sur - Reina Sofia,Spain,4131,3663,48,3615,45580.6183333333,13475.2816666667,
2024,03,MAR,GCXO,Tenerife North,Spain,3382,1675,2,1673,17654.763333333303,4329.62,
2024,03,MAR,LEAL,Alicante,Spain,3920,3522,59,3463,40813.8875,10832.1291666667,
2024,03,MAR,LEBB,Bilbao,Spain,1867,1511,1,1510,17775.006666666697,3641.9266666666663,
2024,03,MAR,LEBL,Barcelona,Spain,13339,11010,155,10855,127094.7333333333,36609.366666666705,
2024,03,MAR,LEIB,Ibiza,Spain,1550,994,1,993,11139.626666666702,2836.973333333333,
2024,03,MAR,LEMD,Madrid - Barajas,Spain,16915,13626,69,13557,159149.1791666666,38618.5041666667,
2024,03,MAR,LEMG,Málaga,Spain,5978,5155,69,5086,61682.7125,21088.2875,
2024,03,MAR,LEPA,Palma de Mallorca,Spain,6127,4631,7,4624,53967.8566666667,9030.56,
2024,03,MAR,LEVC,Valencia,Spain,3084,2546,0,2546,29674.4108333333,5881.2225,
2024,03,MAR,LEZL,Sevilla,Spain,2755,2183,0,2183,24289.218333333298,4567.031666666666,
2024,03,MAR,ESGG,Göteborg,Sweden,2013,1514,48,1466,15275.3433333333,4248.656666666666,
2024,03,MAR,ESSA,Stockholm - Arlanda,Sweden,7674,6259,1,6258,70311.5175,13061.0658333333,
2024,03,MAR,LSGG,Geneva,Switzerland,7857,6764,0,6764,79656.05,24060.833333333303,
2024,03,MAR,LSZH,Zürich,Switzerland,9988,8540,0,8540,102914.335,30251.715,
2024,03,MAR,LTFM,Istanbul,Türkiye,20532,13898,85,13813,168957.0049999999,58722.3283333333,
2024,03,MAR,EGBB,Birmingham,United Kingdom,3508,3013,0,3013,37598.8958333333,6747.137500000001,
2024,03,MAR,EGCC,Manchester,United Kingdom,,,,,,,NO DATA RECEIVED
2024,03,MAR,EGGD,Bristol,United Kingdom,2878,2199,1,2198,25856.554166666698,4853.0791666666655,
2024,03,MAR,EGGW,London - Luton,United Kingdom,4953,3860,20,3840,51798.5325,12707.550833333302,
2024,03,MAR,EGKK,London - Gatwick,United Kingdom,9998,8166,0,8166,105614.2608333333,35171.8225,
2024,03,MAR,EGLC,London - City,United Kingdom,2238,2144,103,2041,22911.510000000002,4319.823333333333,
2024,03,MAR,EGLL,London - Heathrow,United Kingdom,19852,17427,71,17356,242566.1374999999,132092.0291666666,
2024,03,MAR,EGNT,Newcastle,United Kingdom,1683,1252,133,1119,12626.9866666667,1972.0799999999992,
2024,03,MAR,EGPD,Aberdeen,United Kingdom,1470,1258,0,1258,14705.2975,3645.435833333333,
2024,03,MAR,EGPF,Glasgow,United Kingdom,2706,2192,44,2148,25170.2925,5265.674166666666,
2024,03,MAR,EGPH,Edinburgh,United Kingdom,4424,3646,5,3641,42804.5666666667,7971.533333333333,
2024,03,MAR,EGSS,London - Stansted,United Kingdom,7682,5981,17,5964,77116.7166666667,13729.5833333333,
2024,04,APR,LOWW,Vienna,Austria,10412,8877,0,8877,97247.5708333333,25226.9125,
2024,04,APR,EBBR,Brussels,Belgium,8143,6423,56,6367,70994.2433333333,15099.24,
2024,04,APR,EBCI,Charleroi,Belgium,3602,2447,18,2429,26750.5316666667,4888.651666666666,
2024,04,APR,LBSF,Sofia,Bulgaria,2665,1965,101,1864,20069.5733333333,4829.093333333333,
2024,04,APR,LDZA,Zagreb,Croatia,2137,1682,0,1682,18794.863333333302,4500.503333333333,
2024,04,APR,LKPR,Prague,Czech Republic,5105,4322,484,3838,42977.1591666667,9210.324166666665,
2024,04,APR,EKCH,Copenhagen - Kastrup,Denmark,10323,8432,12,8420,98368.6441666667,21108.6725,
2024,04,APR,EETN,Tallinn,Estonia,1840,946,22,924,9940.987500000001,1912.0791666666662,
2024,04,APR,EFHK,Helsinki - Vantaa,Finland,6284,4245,23,4222,43760.826666666704,12577.9733333333,
2024,04,APR,LFBO,Toulouse-Blagnac,France,2942,2420,43,2377,28384.2541666667,4888.312499999999,
2024,04,APR,LFLL,Lyon-Saint-Exupéry,France,3796,3138,13,3125,34861.4016666667,6173.1816666666655,
2024,04,APR,LFML,Marseille-Provence,France,4210,3285,0,3285,29516.55,12611.4166666667,
2024,04,APR,LFMN,Nice-Côte d’Azur,France,5947,5341,13,5328,61570.9283333333,22437.4383333333,
2024,04,APR,LFPG,Paris-Charles-de-Gaulle,France,19054,15686,150,15536,205973.52333333332,34746.87666666671,
2024,04,APR,LFPO,Paris-Orly,France,9372,8112,109,8003,102125.61,20384.973333333302,
2024,04,APR,LFSB,Bâle-Mulhouse,France,3721,2537,19,2518,30129.1416666667,7856.8916666666655,
2024,04,APR,EDDB,Berlin - Brandenburg,Germany,8351,7231,44,7187,85127.81,17581.673333333303,
2024,04,APR,EDDC,Dresden,Germany,468,359,19,340,3859.964166666666,718.9691666666671,
2024,04,APR,EDDE,Erfurt,Germany,247,58,58,0,,,NO REF FLIGHT
2024,04,APR,EDDF,Frankfurt,Germany,18777,16712,0,16712,209079.3591666666,47812.957500000004,
2024,04,APR,EDDG,Muenster-Osnabrueck,Germany,1169,378,46,332,3843.399999999999,757.6166666666671,
2024,04,APR,EDDH,Hamburg,Germany,5433,4398,84,4314,53450.5916666667,10110.6416666667,
2024,04,APR,EDDK,Cologne-Bonn,Germany,4787,2462,202,2260,26153.5841666667,4633.965833333333,
2024,04,APR,EDDL,Dusseldorf,Germany,6524,5599,2,5597,65733.2383333333,11142.4283333333,
2024,04,APR,EDDM,Munich,Germany,13952,12389,0,12389,143321.7833333333,33603.883333333295,
2024,04,APR,EDDN,Nuremberg,Germany,2037,1042,16,1026,12374.4258333333,2302.5908333333327,
2024,04,APR,EDDP,Leipzig-Halle,Germany,3059,1147,36,1111,12757.845,2270.3050000000003,
2024,04,APR,EDDR,Saarbruecken,Germany,220,167,65,102,1068.7541666666662,376.8625,
2024,04,APR,EDDS,Stuttgart,Germany,4208,2786,0,2786,32221.1658333333,5145.450833333333,
2024,04,APR,EDDV,Hanover,Germany,2822,1333,144,1189,13415.54,2630.726666666666,
2024,04,APR,EDDW,Bremen,Germany,1473,752,18,734,8613.956666666665,1612.259999999999,
2024,04,APR,LGAV,Athens,Greece,10424,7428,32,7396,85732.74,27729.61,
2024,04,APR,LHBP,Budapest - Ferihegy,Hungary,5045,3903,86,3817,46541.205,8128.261666666666,
2024,04,APR,BIKF,Keflavik,Iceland,,,,,,,NO DATA RECEIVED
2024,04,APR,EICK,Cork,Ireland,1645,742,6,736,8191.8375,1793.6291666666662,
2024,04,APR,EIDW,Dublin,Ireland,10338,8063,178,7885,87618.91500000001,27889.234999999997,
2024,04,APR,LICC,Catania,Italy,3553,2956,123,2833,29910.614999999998,12697.3183333333,
2024,04,APR,LIMC,Milan - Malpensa,Italy,8792,6783,255,6528,73452.1833333333,30854.583333333303,
2024,04,APR,LIME,Bergamo,Italy,4740,3702,161,3541,42573.2883333333,9637.445,
2024,04,APR,LIMF,Torino Caselle,Italy,1752,1260,1,1259,14762.0033333333,2535.863333333333,
2024,04,APR,LIML,Milan - Linate,Italy,4955,4361,15,4346,45927.950000000004,11330.733333333299,
2024,04,APR,LIPE,Bologna,Italy,3541,2841,0,2841,33682.9683333333,9605.815,
2024,04,APR,LIPZ,Venice,Italy,4198,3519,120,3399,35150.660833333306,12659.8225,
2024,04,APR,LIRA,Rome - Ciampino,Italy,1646,1446,56,1390,13355.25,3342.316666666666,
2024,04,APR,LIRF,Rome - Fiumicino,Italy,13348,11392,0,11392,122505.7124999999,43604.1541666667,
2024,04,APR,LIRN,Naples,Italy,3930,3335,31,3304,37059.2816666667,13464.6516666667,
2024,04,APR,EVRA,Riga,Latvia,2424,1592,22,1570,17092.7833333333,3178.749999999999,
2024,04,APR,ELLX,Luxembourg,Luxembourg,3700,2470,0,2470,28127.2275,5276.439166666666,
2024,04,APR,LMML,Malta,Malta,3258,2202,36,2166,22901.9066666667,8069.326666666666,
2024,04,APR,GMMN,Mohammed V International,Morocco,,,,,,,NO DATA RECEIVED
2024,04,APR,GMMX,Menara,Morocco,,,,,,,NO DATA RECEIVED
2024,04,APR,EHAM,Amsterdam - Schiphol,Netherlands,20483,17781,23,17758,211799.4666666666,56761.25,
2024,04,APR,ENBR,Bergen,Norway,,,,,,,DATA ISSUE
2024,04,APR,ENGM,Oslo - Gardermoen,Norway,9549,8336,99,8237,90808.1983333333,22064.5183333333,
2024,04,APR,ENVA,Trondheim,Norway,,,,,,,DATA ISSUE
2024,04,APR,ENZV,Stavanger,Norway,,,,,,,DATA ISSUE
2024,04,APR,EPWA,Warszawa - Chopina,Poland,7287,6010,10,6000,66200.6583333333,15883.6583333333,
2024,04,APR,LPFR,Faro,Portugal,3002,2667,34,2633,29268.850000000002,4650.55,
2024,04,APR,LPPR,Porto,Portugal,4578,3695,17,3678,43289.448333333305,10700.985,
2024,04,APR,LPPT,Lisbon,Portugal,9649,7746,10,7736,96553.8916666667,28012.308333333298,
2024,04,APR,LROP,Bucharest - Otopeni,Romania,4678,3317,0,3317,35637.02083333331,9418.879166666666,
2024,04,APR,LZIB,Bratislava,Slovakia,1031,513,115,398,4223.1075,1071.2424999999992,
2024,04,APR,LJLJ,Ljubljana,Slovenia,1147,707,4,703,8010.870833333333,1846.1624999999992,
2024,04,APR,GCFV,Fuerteventura,Spain,2007,1924,0,1924,23989.9083333333,4564.558333333333,
2024,04,APR,GCLP,Gran Canaria,Spain,5484,4030,171,3859,49612.2933333333,14580.0733333333,
2024,04,APR,GCRR,Lanzarote,Spain,2848,2621,1,2620,32572.399999999998,6509.366666666666,
2024,04,APR,GCTS,Tenerife Sur - Reina Sofia,Spain,3421,2927,7,2920,35498.6,7573.916666666666,
2024,04,APR,GCXO,Tenerife North,Spain,3300,1651,0,1651,17511.3,3419.983333333333,
2024,04,APR,LEAL,Alicante,Spain,4990,4140,25,4115,49420.4666666667,12550.8333333333,
2024,04,APR,LEBB,Bilbao,Spain,2245,1838,0,1838,21700.6816666667,4607.718333333333,
2024,04,APR,LEBL,Barcelona,Spain,14755,12079,25,12054,143011.0566666666,46754.86,
2024,04,APR,LEIB,Ibiza,Spain,3024,2230,2,2228,25520.8991666667,5161.1675,
2024,04,APR,LEMD,Madrid - Barajas,Spain,17145,13801,189,13612,156539.7866666666,38796.313333333295,
2024,04,APR,LEMG,Málaga,Spain,7500,6065,76,5989,70388.49833333331,22695.218333333298,
2024,04,APR,LEPA,Palma de Mallorca,Spain,10560,8321,14,8307,97024.7833333333,19688.716666666696,
2024,04,APR,LEVC,Valencia,Spain,3657,2821,0,2821,33104.4516666667,5911.1816666666655,
2024,04,APR,LEZL,Sevilla,Spain,3286,2438,0,2438,27778.0516666667,4082.264999999999,
2024,04,APR,ESGG,Göteborg,Sweden,2196,1679,53,1626,17145.5508333333,5118.899166666666,
2024,04,APR,ESSA,Stockholm - Arlanda,Sweden,8252,6755,2,6753,75304.6066666667,15936.0933333333,
2024,04,APR,LSGG,Geneva,Switzerland,7193,6046,0,6046,72163.62,21245.4966666667,
2024,04,APR,LSZH,Zürich,Switzerland,10964,9353,2,9351,115337.52749999991,38112.0391666667,
2024,04,APR,LTFM,Istanbul,Türkiye,21261,14326,65,14261,174928.7599999999,68922.44,
2024,04,APR,EGBB,Birmingham,United Kingdom,3784,2930,6,2924,35976.7258333333,7807.3575,
2024,04,APR,EGCC,Manchester,United Kingdom,,,,,,,NO DATA RECEIVED
2024,04,APR,EGGD,Bristol,United Kingdom,3226,2299,1,2298,27159.173333333303,5568.71,
2024,04,APR,EGGW,London - Luton,United Kingdom,5590,4223,0,4223,56539.0716666667,15855.128333333301,
2024,04,APR,EGKK,London - Gatwick,United Kingdom,10983,8423,0,8423,108662.74500000001,39717.238333333305,
2024,04,APR,EGLC,London - City,United Kingdom,2189,2121,71,2050,22345.993333333303,4648.673333333333,
2024,04,APR,EGLL,London - Heathrow,United Kingdom,19623,17088,40,17048,238712.0666666666,137031.4666666666,
2024,04,APR,EGNT,Newcastle,United Kingdom,1840,1213,67,1146,13022.4866666667,2492.246666666666,
2024,04,APR,EGPD,Aberdeen,United Kingdom,1655,1403,0,1403,16229.3591666667,4338.090833333333,
2024,04,APR,EGPF,Glasgow,United Kingdom,2941,2241,45,2196,26200.0841666667,5611.499166666666,
2024,04,APR,EGPH,Edinburgh,United Kingdom,5044,3967,4,3963,47164.1258333333,11286.5741666667,
2024,04,APR,EGSS,London - Stansted,United Kingdom,8483,6551,26,6525,85348.0333333333,21166.45,
2024,05,MAY,LOWW,Vienna,Austria,11495,9642,0,9642,106062.7208333333,29334.5125,
2024,05,MAY,EBBR,Brussels,Belgium,8780,6954,28,6926,76942.9833333333,13767.5666666667,
2024,05,MAY,EBCI,Charleroi,Belgium,3721,2606,21,2585,28611.605833333302,4271.7775,
2024,05,MAY,LBSF,Sofia,Bulgaria,2881,2161,198,1963,20463.5691666667,5323.780833333333,
2024,05,MAY,LDZA,Zagreb,Croatia,2251,1779,0,1779,19730.116666666698,4628.083333333333,
2024,05,MAY,LKPR,Prague,Czech Republic,5743,4839,795,4044,44547.5833333333,9627.733333333334,
2024,05,MAY,EKCH,Copenhagen - Kastrup,Denmark,11147,9028,11,9017,103435.51750000002,20265.699166666698,
2024,05,MAY,EETN,Tallinn,Estonia,2228,1021,24,997,10597.708333333301,2024.825,
2024,05,MAY,EFHK,Helsinki - Vantaa,Finland,6886,4503,46,4457,45707.9133333333,12607.5866666667,
2024,05,MAY,LFBO,Toulouse-Blagnac,France,3081,2534,37,2497,30246.2466666667,5068.3533333333335,
2024,05,MAY,LFLL,Lyon-Saint-Exupéry,France,4107,3356,22,3334,37166.1216666667,6016.295,
2024,05,MAY,LFML,Marseille-Provence,France,4802,3739,20,3719,33529.8558333333,14253.9275,
2024,05,MAY,LFMN,Nice-Côte d’Azur,France,7689,6906,31,6875,79950.3541666667,31199.4291666667,
2024,05,MAY,LFPG,Paris-Charles-de-Gaulle,France,20521,16854,135,16719,223486.9708333333,34347.6958333333,
2024,05,MAY,LFPO,Paris-Orly,France,9285,8072,32,8040,101838.33,19394.353333333303,
2024,05,MAY,LFSB,Bâle-Mulhouse,France,4106,2814,8,2806,33087.19500000001,7954.255,
2024,05,MAY,EDDB,Berlin - Brandenburg,Germany,8952,7696,66,7630,86454.01333333329,17568.62,
2024,05,MAY,EDDC,Dresden,Germany,546,430,43,387,4240.79,853.843333333333,
2024,05,MAY,EDDE,Erfurt,Germany,341,82,82,0,,,NO REF FLIGHT
2024,05,MAY,EDDF,Frankfurt,Germany,19980,17644,58,17586,225862.61500000002,49121.7183333333,
2024,05,MAY,EDDG,Muenster-Osnabrueck,Germany,1367,435,122,313,3567.7816666666663,617.0183333333331,
2024,05,MAY,EDDH,Hamburg,Germany,6166,5014,126,4888,58815.25,12150.75,
2024,05,MAY,EDDK,Cologne-Bonn,Germany,5466,2824,214,2610,30855.9208333333,4533.445833333333,
2024,05,MAY,EDDL,Dusseldorf,Germany,7288,6134,97,6037,72749.3666666667,10931.8333333333,
2024,05,MAY,EDDM,Munich,Germany,15072,13245,0,13245,151750.2208333333,33983.9291666667,
2024,05,MAY,EDDN,Nuremberg,Germany,2315,1205,33,1172,13809.3158333333,2598.250833333333,
2024,05,MAY,EDDP,Leipzig-Halle,Germany,3423,1329,34,1295,14813.4083333333,2419.175,
2024,05,MAY,EDDR,Saarbruecken,Germany,292,220,107,113,1185.643333333333,268.04,
2024,05,MAY,EDDS,Stuttgart,Germany,4798,3225,30,3195,36924.05,5525.6500000000005,
2024,05,MAY,EDDV,Hanover,Germany,2990,1458,197,1261,13993.270833333301,2543.845833333333,
2024,05,MAY,EDDW,Bremen,Germany,1571,818,25,793,9080.726666666666,1977.573333333333,
2024,05,MAY,LGAV,Athens,Greece,12209,8256,29,8227,94674.225,26037.058333333298,
2024,05,MAY,LHBP,Budapest - Ferihegy,Hungary,5296,4069,151,3918,46634.8891666667,10560.360833333301,
2024,05,MAY,BIKF,Keflavik,Iceland,,,,,,,NO DATA RECEIVED
2024,05,MAY,EICK,Cork,Ireland,2007,842,13,829,9129.360833333334,1459.1225000000002,
2024,05,MAY,EIDW,Dublin,Ireland,11512,8967,1,8966,101895.0633333333,34333.1533333333,
2024,05,MAY,LICC,Catania,Italy,3938,3272,100,3172,33712.2983333333,14016.9516666667,
2024,05,MAY,LIMC,Milan - Malpensa,Italy,9314,7136,2,7134,80082.8633333333,27330.42,
2024,05,MAY,LIME,Bergamo,Italy,5037,3877,117,3760,45245.133333333295,11363.0833333333,
2024,05,MAY,LIMF,Torino Caselle,Italy,1802,1271,1,1270,14714.0983333333,2624.8016666666663,
2024,05,MAY,LIML,Milan - Linate,Italy,5277,4584,9,4575,48141.15,12139.483333333299,
2024,05,MAY,LIPE,Bologna,Italy,3736,2960,0,2960,34856.15,10732.6833333333,
2024,05,MAY,LIPZ,Venice,Italy,4364,3609,101,3508,36286.7333333333,11098.966666666702,
2024,05,MAY,LIRA,Rome - Ciampino,Italy,1925,1694,60,1634,15449.8941666667,3990.8891666666664,
2024,05,MAY,LIRF,Rome - Fiumicino,Italy,14184,12045,25,12020,129259.6466666666,45185.853333333296,
2024,05,MAY,LIRN,Naples,Italy,4586,3843,32,3811,42758.030000000006,21868.653333333303,
2024,05,MAY,EVRA,Riga,Latvia,2754,1741,25,1716,18451.043333333302,3435.9066666666663,
2024,05,MAY,ELLX,Luxembourg,Luxembourg,4028,2718,1,2717,30802.7483333333,5493.151666666666,
2024,05,MAY,LMML,Malta,Malta,3843,2449,34,2415,25519.11,8897.59,
2024,05,MAY,GMMN,Mohammed V International,Morocco,,,,,,,NO DATA RECEIVED
2024,05,MAY,GMMX,Menara,Morocco,,,,,,,NO DATA RECEIVED
2024,05,MAY,EHAM,Amsterdam - Schiphol,Netherlands,22045,18985,76,18909,223155.6399999999,49343.87666666671,
2024,05,MAY,ENBR,Bergen,Norway,,,,,,,DATA ISSUE
2024,05,MAY,ENGM,Oslo - Gardermoen,Norway,9949,8537,86,8451,94698.7283333333,20578.3716666667,
2024,05,MAY,ENVA,Trondheim,Norway,,,,,,,DATA ISSUE
2024,05,MAY,ENZV,Stavanger,Norway,,,,,,,DATA ISSUE
2024,05,MAY,EPWA,Warszawa - Chopina,Poland,8068,6574,18,6556,71763.2966666667,19332.786666666696,
2024,05,MAY,LPFR,Faro,Portugal,3542,3145,32,3113,34541.0716666667,5177.344999999999,
2024,05,MAY,LPPR,Porto,Portugal,4882,3969,18,3951,46298.76666666671,11316,
2024,05,MAY,LPPT,Lisbon,Portugal,10114,8060,32,8028,102940.1908333333,34539.8258333333,
2024,05,MAY,LROP,Bucharest - Otopeni,Romania,5051,3534,0,3534,35968.402500000004,9719.580833333333,
2024,05,MAY,LZIB,Bratislava,Slovakia,1107,537,112,425,4455.964999999999,974.235,
2024,05,MAY,LJLJ,Ljubljana,Slovenia,1173,822,1,821,9434.088333333335,2141.911666666666,
2024,05,MAY,GCFV,Fuerteventura,Spain,1911,1836,2,1834,22835.886666666698,4175.18,
2024,05,MAY,GCLP,Gran Canaria,Spain,5251,3676,47,3629,46981.3691666667,14421.930833333301,
2024,05,MAY,GCRR,Lanzarote,Spain,2764,2515,2,2513,31020.7333333333,5441.083333333333,
2024,05,MAY,GCTS,Tenerife Sur - Reina Sofia,Spain,3135,2548,6,2542,30539.4,5880.166666666666,
2024,05,MAY,GCXO,Tenerife North,Spain,3453,1702,1,1701,18006.0425,3552.374166666666,
2024,05,MAY,LEAL,Alicante,Spain,5460,4472,25,4447,53318.5333333333,12666.6666666667,
2024,05,MAY,LEBB,Bilbao,Spain,2301,1874,1,1873,21741.3075,3892.609166666666,
2024,05,MAY,LEBL,Barcelona,Spain,15593,12752,21,12731,152409.5458333333,47226.804166666705,
2024,05,MAY,LEIB,Ibiza,Spain,4319,3326,5,3321,38495.75,7945.616666666666,
2024,05,MAY,LEMD,Madrid - Barajas,Spain,17923,14381,80,14301,165024.0441666666,38155.8891666667,
2024,05,MAY,LEMG,Málaga,Spain,8076,6521,70,6451,78474.115,24026.085,
2024,05,MAY,LEPA,Palma de Mallorca,Spain,13389,10622,12,10610,121491.6966666666,29037.636666666698,
2024,05,MAY,LEVC,Valencia,Spain,3827,2915,0,2915,34503.3475,6455.1191666666655,
2024,05,MAY,LEZL,Sevilla,Spain,3211,2391,0,2391,26471.93,3504.986666666666,
2024,05,MAY,ESGG,Göteborg,Sweden,2394,1831,63,1768,18477.4158333333,4932.9675,
2024,05,MAY,ESSA,Stockholm - Arlanda,Sweden,8864,7221,21,7200,82471.1166666667,15059.800000000001,
2024,05,MAY,LSGG,Geneva,Switzerland,7697,6441,0,6441,76076.44,21502.4766666667,
2024,05,MAY,LSZH,Zürich,Switzerland,11866,10094,1,10093,122511.79833333331,34374.9683333333,
2024,05,MAY,LTFM,Istanbul,Türkiye,22345,14965,0,14965,180963.2241666666,73328.6925,
2024,05,MAY,EGBB,Birmingham,United Kingdom,4458,3341,12,3329,40642.7833333333,8415.166666666666,
2024,05,MAY,EGCC,Manchester,United Kingdom,,,,,,,NO DATA RECEIVED
2024,05,MAY,EGGD,Bristol,United Kingdom,3798,2588,6,2582,30313.7683333333,5843.898333333333,
2024,05,MAY,EGGW,London - Luton,United Kingdom,6211,4646,0,4646,63193.7916666667,18011.775,
2024,05,MAY,EGKK,London - Gatwick,United Kingdom,12154,9144,0,9144,117786.8333333333,48557.66666666671,
2024,05,MAY,EGLC,London - City,United Kingdom,2310,2239,101,2138,24592.420000000002,3789.013333333333,
2024,05,MAY,EGLL,London - Heathrow,United Kingdom,20607,17912,98,17814,257806.4383333333,137409.345,
2024,05,MAY,EGNT,Newcastle,United Kingdom,2208,1403,84,1319,14549.403333333299,2760.296666666666,
2024,05,MAY,EGPD,Aberdeen,United Kingdom,1694,1452,0,1452,16816.4108333333,4475.705833333333,
2024,05,MAY,EGPF,Glasgow,United Kingdom,3505,2574,51,2523,29552.6083333333,6191.208333333333,
2024,05,MAY,EGPH,Edinburgh,United Kingdom,5778,4501,1,4500,52119.7216666667,13290.045,
2024,05,MAY,EGSS,London - Stansted,United Kingdom,9272,6897,24,6873,92494.4966666667,22562.82,
2024,06,JUN,LOWW,Vienna,Austria,11398,9358,0,9358,102608.7858333333,25590.0475,
2024,06,JUN,EBBR,Brussels,Belgium,8695,6813,24,6789,76103.9033333333,13923.93,
2024,06,JUN,EBCI,Charleroi,Belgium,3660,2526,21,2505,27761.3616666667,4481.8550000000005,
2024,06,JUN,LBSF,Sofia,Bulgaria,2886,2098,120,1978,20925.1525,4831.714166666666,
2024,06,JUN,LDZA,Zagreb,Croatia,2201,1689,0,1689,18609.0791666667,5027.170833333333,
2024,06,JUN,LKPR,Prague,Czech Republic,6490,5295,128,5167,57769.9433333333,13153.69,
2024,06,JUN,EKCH,Copenhagen - Kastrup,Denmark,11188,8825,24,8801,103312.25,21082.75,
2024,06,JUN,EETN,Tallinn,Estonia,2008,948,21,927,10240.4691666667,1812.2141666666662,
2024,06,JUN,EFHK,Helsinki - Vantaa,Finland,6733,4362,22,4340,46678.5833333333,10934.733333333299,
2024,06,JUN,LFBO,Toulouse-Blagnac,France,3122,2553,24,2529,30323.4,4395.483333333333,
2024,06,JUN,LFLL,Lyon-Saint-Exupéry,France,4192,3422,64,3358,37510.580833333304,6177.169166666666,
2024,06,JUN,LFML,Marseille-Provence,France,4750,3662,33,3629,32664.045,13827.404999999999,
2024,06,JUN,LFMN,Nice-Côte d’Azur,France,7843,7008,44,6964,81529.9033333333,33950.296666666705,
2024,06,JUN,LFPG,Paris-Charles-de-Gaulle,France,20686,17020,238,16782,223840.04,34680.11,
2024,06,JUN,LFPO,Paris-Orly,France,9620,8289,20,8269,103634.13500000001,18906.6816666667,
2024,06,JUN,LFSB,Bâle-Mulhouse,France,4278,2954,15,2939,35156.0658333333,9454.634166666667,
2024,06,JUN,EDDB,Berlin - Brandenburg,Germany,8988,7590,35,7555,89138.3366666667,17936.346666666697,
2024,06,JUN,EDDC,Dresden,Germany,489,384,28,356,4017.6075,658.9591666666671,
2024,06,JUN,EDDE,Erfurt,Germany,383,68,68,0,,,NO REF FLIGHT
2024,06,JUN,EDDF,Frankfurt,Germany,19738,17217,25,17192,218029.33000000002,46456.2866666667,
2024,06,JUN,EDDG,Muenster-Osnabrueck,Germany,1301,482,97,385,4502.924999999999,801.1750000000001,
2024,06,JUN,EDDH,Hamburg,Germany,6072,4873,102,4771,59135.2933333333,11181.106666666701,
2024,06,JUN,EDDK,Cologne-Bonn,Germany,5543,2928,183,2745,32245.280000000002,5082.47,
2024,06,JUN,EDDL,Dusseldorf,Germany,7584,6234,69,6165,73438.8625,12091.520833333301,
2024,06,JUN,EDDM,Munich,Germany,14879,12815,0,12815,147284.51750000002,33304.8158333333,
2024,06,JUN,EDDN,Nuremberg,Germany,2506,1204,16,1188,14268.2583333333,2470.3416666666662,
2024,06,JUN,EDDP,Leipzig-Halle,Germany,3370,1345,72,1273,14578.0883333333,2229.861666666666,
2024,06,JUN,EDDR,Saarbruecken,Germany,302,231,56,175,2039.6833333333332,455.3,
2024,06,JUN,EDDS,Stuttgart,Germany,4904,3292,26,3266,37443.76,6063.54,
2024,06,JUN,EDDV,Hanover,Germany,3221,1449,79,1370,15201.530833333301,2588.885833333333,
2024,06,JUN,EDDW,Bremen,Germany,1641,800,43,757,8701.480833333335,1765.0025,
2024,06,JUN,LGAV,Athens,Greece,13492,8743,40,8703,99967.80500000001,34060.3616666667,
2024,06,JUN,LHBP,Budapest - Ferihegy,Hungary,5626,4311,51,4260,51777.755,8728.328333333335,
2024,06,JUN,BIKF,Keflavik,Iceland,,,,,,,NO DATA RECEIVED
2024,06,JUN,EICK,Cork,Ireland,1975,879,6,873,9481.613333333335,1792.003333333333,
2024,06,JUN,EIDW,Dublin,Ireland,11242,8690,0,8690,94798.43583333331,27058.3308333333,
2024,06,JUN,LICC,Catania,Italy,4132,3414,75,3339,35540.090000000004,14821.3433333333,
2024,06,JUN,LIMC,Milan - Malpensa,Italy,9511,7219,20,7199,80179.6433333333,26705.34,
2024,06,JUN,LIME,Bergamo,Italy,5037,3818,68,3750,44486.0691666667,10399.780833333301,
2024,06,JUN,LIMF,Torino Caselle,Italy,1831,1286,1,1285,14698.966666666702,2121.6166666666663,
2024,06,JUN,LIML,Milan - Linate,Italy,5302,4524,21,4503,47329.15,11135.233333333299,
2024,06,JUN,LIPE,Bologna,Italy,3763,2948,0,2948,35104.7508333333,9886.499166666666,
2024,06,JUN,LIPZ,Venice,Italy,4400,3635,51,3584,37204.5375,11523.212500000001,
2024,06,JUN,LIRA,Rome - Ciampino,Italy,1898,1626,41,1585,14973.216666666702,3455.833333333333,
2024,06,JUN,LIRF,Rome - Fiumicino,Italy,14494,12269,17,12252,132641.0075,44955.4258333333,
2024,06,JUN,LIRN,Naples,Italy,4785,3952,38,3914,43833.5075,20916.3091666667,
2024,06,JUN,EVRA,Riga,Latvia,2711,1736,24,1712,18573.850000000002,3199.1,
2024,06,JUN,ELLX,Luxembourg,Luxembourg,4031,2616,2,2614,29760.315000000002,5733.618333333333,
2024,06,JUN,LMML,Malta,Malta,3837,2429,55,2374,25166.6583333333,8225.391666666666,
2024,06,JUN,GMMN,Mohammed V International,Morocco,,,,,,,NO DATA RECEIVED
2024,06,JUN,GMMX,Menara,Morocco,,,,,,,NO DATA RECEIVED
2024,06,JUN,EHAM,Amsterdam - Schiphol,Netherlands,21488,18523,91,18432,218498.9499999999,42933.01666666671,
2024,06,JUN,ENBR,Bergen,Norway,,,,,,,DATA ISSUE
2024,06,JUN,ENGM,Oslo - Gardermoen,Norway,10205,8596,47,8549,96565.9966666667,23018.22,
2024,06,JUN,ENVA,Trondheim,Norway,,,,,,,DATA ISSUE
2024,06,JUN,ENZV,Stavanger,Norway,,,,,,,DATA ISSUE
2024,06,JUN,EPWA,Warszawa - Chopina,Poland,8282,6633,55,6578,72671.7625,17094.7875,
2024,06,JUN,LPFR,Faro,Portugal,3767,3312,38,3274,36373.01666666671,5395.583333333333,
2024,06,JUN,LPPR,Porto,Portugal,4994,4022,47,3975,46336.7816666667,11225.968333333301,
2024,06,JUN,LPPT,Lisbon,Portugal,9985,7858,39,7819,98810.59416666669,37923.2391666667,
2024,06,JUN,LROP,Bucharest - Otopeni,Romania,5368,3642,1,3641,37847.186666666705,9080.013333333334,
2024,06,JUN,LZIB,Bratislava,Slovakia,1623,850,63,787,8248.420833333334,1704.312499999999,
2024,06,JUN,LJLJ,Ljubljana,Slovenia,1160,890,10,880,9985.686666666666,1937.313333333333,
2024,06,JUN,GCFV,Fuerteventura,Spain,1922,1849,26,1823,22756.7833333333,4430.566666666666,
2024,06,JUN,GCLP,Gran Canaria,Spain,5081,3538,33,3505,45485.9533333333,15260.03,
2024,06,JUN,GCRR,Lanzarote,Spain,2714,2476,6,2470,30625.263333333303,5745.236666666666,
2024,06,JUN,GCTS,Tenerife Sur - Reina Sofia,Spain,3101,2527,25,2502,30398.3825,5212.467500000001,
2024,06,JUN,GCXO,Tenerife North,Spain,3319,1609,3,1606,16914.304166666698,3509.995833333333,
2024,06,JUN,LEAL,Alicante,Spain,5415,4378,31,4347,52053.866666666705,12756.0333333333,
2024,06,JUN,LEBB,Bilbao,Spain,2223,1802,2,1800,20785.3691666667,3404.597499999999,
2024,06,JUN,LEBL,Barcelona,Spain,15469,12441,14,12427,149481.1666666666,51847.4833333333,
2024,06,JUN,LEIB,Ibiza,Spain,5275,4068,16,4052,49043.344166666706,11668.555833333301,
2024,06,JUN,LEMD,Madrid - Barajas,Spain,16897,13331,109,13222,152725.0166666666,36495.5833333333,
2024,06,JUN,LEMG,Málaga,Spain,7674,6165,66,6099,72225.07500000001,22487.8416666667,
2024,06,JUN,LEPA,Palma de Mallorca,Spain,14004,10910,12,10898,127417.89999999989,34632.383333333295,
2024,06,JUN,LEVC,Valencia,Spain,3784,2810,0,2810,33403.4,5825.5,
2024,06,JUN,LEZL,Sevilla,Spain,2782,2015,0,2015,21905.5683333333,2647.064999999999,
2024,06,JUN,ESGG,Göteborg,Sweden,2438,1852,60,1792,19436.374166666697,5066.009166666666,
2024,06,JUN,ESSA,Stockholm - Arlanda,Sweden,8689,6825,0,6825,78154.0983333333,14037.485,
2024,06,JUN,LSGG,Geneva,Switzerland,7569,6287,0,6287,75197.27500000001,22188.4416666667,
2024,06,JUN,LSZH,Zürich,Switzerland,11775,9796,1,9795,118508.98083333329,38240.0191666667,
2024,06,JUN,LTFM,Istanbul,Türkiye,22615,14884,0,14884,181297.4574999999,81083.5591666667,
2024,06,JUN,EGBB,Birmingham,United Kingdom,4547,3301,5,3296,39785.605,8479.911666666667,
2024,06,JUN,EGCC,Manchester,United Kingdom,,,,,,,NO DATA RECEIVED
2024,06,JUN,EGGD,Bristol,United Kingdom,3939,2632,4,2628,31131.8908333333,5300.192499999999,
2024,06,JUN,EGGW,London - Luton,United Kingdom,6243,4716,0,4716,63529.9633333333,17880.453333333302,
2024,06,JUN,EGKK,London - Gatwick,United Kingdom,12423,9176,39,9137,117449.4999999999,61522.8833333333,
2024,06,JUN,EGLC,London - City,United Kingdom,2169,2091,64,2027,22264.026666666698,3492.5566666666664,
2024,06,JUN,EGLL,London - Heathrow,United Kingdom,19943,17167,29,17138,241675.2766666666,107463.1233333333,
2024,06,JUN,EGNT,Newcastle,United Kingdom,2240,1396,29,1367,15976.0608333333,2686.439166666666,
2024,06,JUN,EGPD,Aberdeen,United Kingdom,1641,1394,0,1394,15937.1833333333,4042.483333333333,
2024,06,JUN,EGPF,Glasgow,United Kingdom,3421,2489,70,2419,29593.1066666667,5943.393333333333,
2024,06,JUN,EGPH,Edinburgh,United Kingdom,5726,4443,2,4441,54696.0416666667,12610.6583333333,
2024,06,JUN,EGSS,London - Stansted,United Kingdom,9305,6758,16,6742,88466.10833333331,19338.9416666667,
2024,07,JUL,LOWW,Vienna,Austria,12038,9735,0,9735,106772.82833333331,23866.204999999998,
2024,07,JUL,EBBR,Brussels,Belgium,9602,7283,77,7206,80268.15250000001,14680.3475,
2024,07,JUL,EBCI,Charleroi,Belgium,3845,2619,20,2599,28583.5408333333,4302.0425,
2024,07,JUL,LBSF,Sofia,Bulgaria,3016,2186,114,2072,21717.184999999998,5151.481666666666,
2024,07,JUL,LDZA,Zagreb,Croatia,2322,1775,0,1775,19419.9883333333,4378.445,
2024,07,JUL,LKPR,Prague,Czech Republic,6575,5289,79,5210,58170.116666666705,12132.9333333333,
2024,07,JUL,EKCH,Copenhagen - Kastrup,Denmark,11381,8630,68,8562,100610.12083333329,19365.5458333333,
2024,07,JUL,EETN,Tallinn,Estonia,2005,907,19,888,9701.118333333334,1648.615,
2024,07,JUL,EFHK,Helsinki - Vantaa,Finland,6688,4282,27,4255,45283.4133333333,10096.3366666667,
2024,07,JUL,LFBO,Toulouse-Blagnac,France,2918,2322,31,2291,27265.625,3794.608333333333,
2024,07,JUL,LFLL,Lyon-Saint-Exupéry,France,4066,3236,120,3116,34058.4383333333,5046.661666666666,
2024,07,JUL,LFML,Marseille-Provence,France,5053,3882,1,3881,34941.764166666704,13146.1691666667,
2024,07,JUL,LFMN,Nice-Côte d’Azur,France,8971,7981,31,7950,93523.9866666667,35037.5133333333,
2024,07,JUL,LFPG,Paris-Charles-de-Gaulle,France,21670,17526,256,17270,231749.8741666666,34551.7425,
2024,07,JUL,LFPO,Paris-Orly,France,10040,8542,45,8497,107059.32,17163.98,
2024,07,JUL,LFSB,Bâle-Mulhouse,France,4048,2818,13,2805,33706.006666666704,7678.276666666666,
2024,07,JUL,EDDB,Berlin - Brandenburg,Germany,8651,7227,37,7190,85308.8433333333,15574.0733333333,
2024,07,JUL,EDDC,Dresden,Germany,556,436,31,405,4532.535,735.848333333333,
2024,07,JUL,EDDE,Erfurt,Germany,280,60,60,0,,,NO REF FLIGHT
2024,07,JUL,EDDF,Frankfurt,Germany,20253,17708,25,17683,222414.7166666666,44598.4,
2024,07,JUL,EDDG,Muenster-Osnabrueck,Germany,1326,479,98,381,4485.7775,821.4391666666671,
2024,07,JUL,EDDH,Hamburg,Germany,6067,4779,123,4656,57755.878333333305,10600.955,
2024,07,JUL,EDDK,Cologne-Bonn,Germany,5739,2746,147,2599,30593.0458333333,4710.304166666666,
2024,07,JUL,EDDL,Dusseldorf,Germany,7705,6176,39,6137,72576.7866666667,11740.946666666701,
2024,07,JUL,EDDM,Munich,Germany,15091,12882,0,12882,148110.5424999999,29732.5408333333,
2024,07,JUL,EDDN,Nuremberg,Germany,2547,1155,23,1132,13557.1408333333,2272.075833333333,
2024,07,JUL,EDDP,Leipzig-Halle,Germany,3472,1332,90,1242,14176.2833333333,2055.6,
2024,07,JUL,EDDR,Saarbruecken,Germany,281,211,111,100,1057.39,192.143333333333,
2024,07,JUL,EDDS,Stuttgart,Germany,4965,3143,40,3103,35822.37666666671,5652.79,
2024,07,JUL,EDDV,Hanover,Germany,3197,1429,80,1349,15010.01,2394.839999999999,
2024,07,JUL,EDDW,Bremen,Germany,1469,770,39,731,8444.550000000001,1487.5666666666662,
2024,07,JUL,LGAV,Athens,Greece,14846,9450,6,9444,109410.9741666666,36259.775833333304,
2024,07,JUL,LHBP,Budapest - Ferihegy,Hungary,6076,4587,80,4507,54822.2591666667,9060.524166666666,
2024,07,JUL,BIKF,Keflavik,Iceland,,,,,,,NO DATA RECEIVED
2024,07,JUL,EICK,Cork,Ireland,2124,882,4,878,9730.641666666666,1737.575,
2024,07,JUL,EIDW,Dublin,Ireland,11654,8936,1,8935,98871.0408333333,31922.3425,
2024,07,JUL,LICC,Catania,Italy,4296,3487,119,3368,35981.338333333304,14718.4116666667,
2024,07,JUL,LIMC,Milan - Malpensa,Italy,10182,7627,8,7619,83730.975,27664.0916666667,
2024,07,JUL,LIME,Bergamo,Italy,5305,3956,79,3877,45684.4,10122.5333333333,
2024,07,JUL,LIMF,Torino Caselle,Italy,1941,1315,0,1315,14983.54,2678.3266666666664,
2024,07,JUL,LIML,Milan - Linate,Italy,5596,4704,0,4704,48988.853333333296,10041.630000000001,
2024,07,JUL,LIPE,Bologna,Italy,3827,2928,0,2928,34675.7066666667,8771.426666666666,
2024,07,JUL,LIPZ,Venice,Italy,4443,3638,62,3576,37183.87666666671,10514.6733333333,
2024,07,JUL,LIRA,Rome - Ciampino,Italy,1928,1532,157,1375,13179.855,3360.478333333333,
2024,07,JUL,LIRF,Rome - Fiumicino,Italy,15355,12738,26,12712,140627.2466666666,44737.23666666671,
2024,07,JUL,LIRN,Naples,Italy,5323,4382,40,4342,48749.830833333304,25715.0858333333,
2024,07,JUL,EVRA,Riga,Latvia,2831,1818,26,1792,19606.07,3435.9466666666663,
2024,07,JUL,ELLX,Luxembourg,Luxembourg,4078,2587,0,2587,29421.116666666698,4907.616666666666,
2024,07,JUL,LMML,Malta,Malta,4066,2587,58,2529,27024.1291666667,9985.8875,
2024,07,JUL,GMMN,Mohammed V International,Morocco,,,,,,,NO DATA RECEIVED
2024,07,JUL,GMMX,Menara,Morocco,,,,,,,NO DATA RECEIVED
2024,07,JUL,EHAM,Amsterdam - Schiphol,Netherlands,22160,18919,77,18842,220847.1133333333,37845.186666666705,
2024,07,JUL,ENBR,Bergen,Norway,,,,,,,DATA ISSUE
2024,07,JUL,ENGM,Oslo - Gardermoen,Norway,9892,7911,73,7838,87874.5333333333,17234.9833333333,
2024,07,JUL,ENVA,Trondheim,Norway,,,,,,,DATA ISSUE
2024,07,JUL,ENZV,Stavanger,Norway,,,,,,,DATA ISSUE
2024,07,JUL,EPWA,Warszawa - Chopina,Poland,8555,6781,4,6777,74685.60750000001,16409.8758333333,
2024,07,JUL,LPFR,Faro,Portugal,4021,3557,33,3524,39127.9833333333,5648.549999999999,
2024,07,JUL,LPPR,Porto,Portugal,5368,4261,44,4217,49548.1833333333,13084.9333333333,
2024,07,JUL,LPPT,Lisbon,Portugal,10509,8210,57,8153,104999.2999999999,43487.3166666667,
2024,07,JUL,LROP,Bucharest - Otopeni,Romania,5602,3804,103,3701,37829.336666666706,8805.513333333334,
2024,07,JUL,LZIB,Bratislava,Slovakia,1717,947,49,898,9223.096666666666,1746.936666666666,
2024,07,JUL,LJLJ,Ljubljana,Slovenia,1263,917,5,912,10266.5216666667,1728.644999999999,
2024,07,JUL,GCFV,Fuerteventura,Spain,2123,2055,6,2049,25513.6708333333,4726.095833333333,
2024,07,JUL,GCLP,Gran Canaria,Spain,5451,3902,31,3871,49944.1191666667,14889.3141666667,
2024,07,JUL,GCRR,Lanzarote,Spain,2954,2685,4,2681,33211.34666666671,6098.62,
2024,07,JUL,GCTS,Tenerife Sur - Reina Sofia,Spain,3408,2693,21,2672,32337.386666666698,5862.83,
2024,07,JUL,GCXO,Tenerife North,Spain,3474,1809,2,1807,18942.059999999998,4793.473333333333,
2024,07,JUL,LEAL,Alicante,Spain,6016,4842,49,4793,57619.0833333333,13331.9,
2024,07,JUL,LEBB,Bilbao,Spain,2447,1959,1,1958,22525.6858333333,3394.214166666666,
2024,07,JUL,LEBL,Barcelona,Spain,16172,12998,33,12965,151744.30000000002,45997.9333333333,
2024,07,JUL,LEIB,Ibiza,Spain,6378,4900,9,4891,59239.5,14102.800000000001,
2024,07,JUL,LEMD,Madrid - Barajas,Spain,18560,14388,79,14309,167414.74416666658,35613.6225,
2024,07,JUL,LEMG,Málaga,Spain,9065,7198,29,7169,84301.8933333333,25994.49,
2024,07,JUL,LEPA,Palma de Mallorca,Spain,15379,12154,19,12135,139356.55666666658,36792.0433333333,
2024,07,JUL,LEVC,Valencia,Spain,4039,2932,0,2932,35198.9133333333,6410.486666666666,
2024,07,JUL,LEZL,Sevilla,Spain,2828,1982,0,1982,21531.324166666698,2179.425833333333,
2024,07,JUL,ESGG,Göteborg,Sweden,2537,1820,73,1747,19066.5733333333,5263.66,
2024,07,JUL,ESSA,Stockholm - Arlanda,Sweden,8659,6441,0,6441,73581.225,11977.275,
2024,07,JUL,LSGG,Geneva,Switzerland,7914,6519,0,6519,77955.76666666669,19464.3,
2024,07,JUL,LSZH,Zürich,Switzerland,12291,10083,2,10081,123301.40166666661,36507.7316666667,
2024,07,JUL,LTFM,Istanbul,Türkiye,23245,15456,0,15456,189267.2249999999,86637.325,
2024,07,JUL,EGBB,Birmingham,United Kingdom,4763,3423,6,3417,41730.4475,8637.785833333333,
2024,07,JUL,EGCC,Manchester,United Kingdom,,,,,,,NO DATA RECEIVED
2024,07,JUL,EGGD,Bristol,United Kingdom,4054,2699,0,2699,31826.894166666698,5406.272499999999,
2024,07,JUL,EGGW,London - Luton,United Kingdom,6417,4804,0,4804,64783.27666666671,18292.74,
2024,07,JUL,EGKK,London - Gatwick,United Kingdom,13169,9662,39,9623,123332.9366666666,68086.48,
2024,07,JUL,EGLC,London - City,United Kingdom,2133,2042,79,1963,22043.3233333333,3470.609999999999,
2024,07,JUL,EGLL,London - Heathrow,United Kingdom,20804,17744,11,17733,251747.1758333333,106796.2574999999,
2024,07,JUL,EGNT,Newcastle,United Kingdom,2267,1427,40,1387,16032.891666666701,2476.8416666666662,
2024,07,JUL,EGPD,Aberdeen,United Kingdom,1709,1463,54,1409,16281.8591666667,4116.190833333333,
2024,07,JUL,EGPF,Glasgow,United Kingdom,3506,2566,79,2487,30391.126666666696,5533.64,
2024,07,JUL,EGPH,Edinburgh,United Kingdom,5742,4502,3,4499,54883.0666666667,10794.866666666701,
2024,07,JUL,EGSS,London - Stansted,United Kingdom,9607,6875,33,6842,86322.55,22152.9333333333,
2024,08,AUG,LOWW,Vienna,Austria,11881,9716,0,9716,106598.05,23204.333333333303,
2024,08,AUG,EBBR,Brussels,Belgium,9310,7198,73,7125,79561.90250000001,14020.1975,
2024,08,AUG,EBCI,Charleroi,Belgium,3859,2684,15,2669,29417.350000000002,4327.316666666666,
2024,08,AUG,LBSF,Sofia,Bulgaria,2940,2125,111,2014,21254.8175,5349.765833333333,
2024,08,AUG,LDZA,Zagreb,Croatia,2322,1782,0,1782,19416.513333333303,3828.2866666666664,
2024,08,AUG,LKPR,Prague,Czech Republic,6523,5271,0,5271,58532.370833333305,13158.0958333333,
2024,08,AUG,EKCH,Copenhagen - Kastrup,Denmark,11252,8549,122,8427,98602.4758333333,17963.6741666667,
2024,08,AUG,EETN,Tallinn,Estonia,1994,952,21,931,10308.335,1697.4150000000002,
2024,08,AUG,EFHK,Helsinki - Vantaa,Finland,6923,4495,29,4466,47920.552500000005,10479.1141666667,
2024,08,AUG,LFBO,Toulouse-Blagnac,France,2633,2046,2,2044,24300.284166666697,2966.382499999999,
2024,08,AUG,LFLL,Lyon-Saint-Exupéry,France,3698,2856,59,2797,30335.4891666667,4038.3775,
2024,08,AUG,LFML,Marseille-Provence,France,4913,3746,3,3743,33797.9625,12675.5041666667,
2024,08,AUG,LFMN,Nice-Côte d’Azur,France,8458,7475,38,7437,87234.38166666671,29936.984999999997,
2024,08,AUG,LFPG,Paris-Charles-de-Gaulle,France,21756,17607,219,17388,230988.46,32289.29,
2024,08,AUG,LFPO,Paris-Orly,France,10068,8573,54,8519,108526.0916666666,15647.475,
2024,08,AUG,LFSB,Bâle-Mulhouse,France,3995,2856,26,2830,33991.942500000005,7462.474166666666,
2024,08,AUG,EDDB,Berlin - Brandenburg,Germany,8261,6993,55,6938,80398.01,12978.1733333333,
2024,08,AUG,EDDC,Dresden,Germany,520,408,45,363,3959.413333333333,660.77,
2024,08,AUG,EDDE,Erfurt,Germany,306,49,49,0,,,NO REF FLIGHT
2024,08,AUG,EDDF,Frankfurt,Germany,20183,17686,34,17652,223227.1433333333,40976.423333333296,
2024,08,AUG,EDDG,Muenster-Osnabrueck,Germany,1264,404,86,318,3725.823333333333,592.0433333333331,
2024,08,AUG,EDDH,Hamburg,Germany,6037,4708,132,4576,56145.6716666667,9391.378333333334,
2024,08,AUG,EDDK,Cologne-Bonn,Germany,5766,2804,207,2597,30474.286666666696,4217.663333333333,
2024,08,AUG,EDDL,Dusseldorf,Germany,7596,6207,53,6154,72467.6233333333,10272.126666666702,
2024,08,AUG,EDDM,Munich,Germany,15363,13303,0,13303,152228.86583333332,31565.9008333333,
2024,08,AUG,EDDN,Nuremberg,Germany,2616,1199,22,1177,13931.870833333302,2120.8625,
2024,08,AUG,EDDP,Leipzig-Halle,Germany,3333,1286,64,1222,14073.615,1676.384999999999,
2024,08,AUG,EDDR,Saarbruecken,Germany,269,206,70,136,1603.769166666666,331.280833333333,
2024,08,AUG,EDDS,Stuttgart,Germany,4954,3179,29,3150,36426.527500000004,4826.905833333333,
2024,08,AUG,EDDV,Hanover,Germany,3194,1348,119,1229,13548.0591666667,2008.8408333333332,
2024,08,AUG,EDDW,Bremen,Germany,1665,780,25,755,8866.815833333334,1375.8675,
2024,08,AUG,LGAV,Athens,Greece,14729,9368,16,9352,108812.8749999999,32437.6416666667,
2024,08,AUG,LHBP,Budapest - Ferihegy,Hungary,5946,4504,48,4456,54002.6333333333,9180.733333333334,
2024,08,AUG,BIKF,Keflavik,Iceland,,,,,,,NO DATA RECEIVED
2024,08,AUG,EICK,Cork,Ireland,2068,903,10,893,10195.8091666667,2059.257499999999,
2024,08,AUG,EIDW,Dublin,Ireland,11881,9192,0,9192,100046.76583333331,32423.0341666667,
2024,08,AUG,LICC,Catania,Italy,4352,3567,185,3382,36086.9175,16336.465833333301,
2024,08,AUG,LIMC,Milan - Malpensa,Italy,10038,7510,30,7480,81444.10166666671,25341.648333333298,
2024,08,AUG,LIME,Bergamo,Italy,5344,4032,64,3968,46701.6383333333,9475.728333333334,
2024,08,AUG,LIMF,Torino Caselle,Italy,1630,1199,0,1199,13662.616666666701,1929.1833333333332,
2024,08,AUG,LIML,Milan - Linate,Italy,4659,4024,4,4020,41187.730833333306,7337.935833333333,
2024,08,AUG,LIPE,Bologna,Italy,3858,2952,0,2952,34841.576666666704,8831.09,
2024,08,AUG,LIPZ,Venice,Italy,4315,3515,26,3489,35951.3733333333,9887.843333333334,
2024,08,AUG,LIRA,Rome - Ciampino,Italy,1828,1435,55,1380,13232.130000000001,2651.6366666666663,
2024,08,AUG,LIRF,Rome - Fiumicino,Italy,15558,13052,14,13038,142902.1458333333,45765.2541666667,
2024,08,AUG,LIRN,Naples,Italy,5347,4451,61,4390,49570.726666666706,26045.24,
2024,08,AUG,EVRA,Riga,Latvia,2841,1806,26,1780,19257.063333333303,3195.569999999999,
2024,08,AUG,ELLX,Luxembourg,Luxembourg,3923,2489,1,2488,28259.6091666667,4696.507500000001,
2024,08,AUG,LMML,Malta,Malta,4059,2570,72,2498,26746.0216666667,10573.1783333333,
2024,08,AUG,GMMN,Mohammed V International,Morocco,,,,,,,NO DATA RECEIVED
2024,08,AUG,GMMX,Menara,Morocco,,,,,,,NO DATA RECEIVED
2024,08,AUG,EHAM,Amsterdam - Schiphol,Netherlands,22489,19334,82,19252,224558.7316666666,36143.7516666667,
2024,08,AUG,ENBR,Bergen,Norway,,,,,,,DATA ISSUE
2024,08,AUG,ENGM,Oslo - Gardermoen,Norway,10076,8414,68,8346,94513.7283333333,21061.3383333333,
2024,08,AUG,ENVA,Trondheim,Norway,,,,,,,DATA ISSUE
2024,08,AUG,ENZV,Stavanger,Norway,,,,,,,DATA ISSUE
2024,08,AUG,EPWA,Warszawa - Chopina,Poland,8672,6947,2,6945,76733.88,17467.7533333333,
2024,08,AUG,LPFR,Faro,Portugal,4100,3642,53,3589,40071.1,5200.066666666666,
2024,08,AUG,LPPR,Porto,Portugal,5357,4385,25,4360,50952.25,14449.2,
2024,08,AUG,LPPT,Lisbon,Portugal,10536,8304,40,8264,108527.0549999999,46112.095,
2024,08,AUG,LROP,Bucharest - Otopeni,Romania,5500,3796,166,3630,36242.6041666667,7269.762500000001,
2024,08,AUG,LZIB,Bratislava,Slovakia,1704,924,14,910,9373.4725,1800.710833333333,
2024,08,AUG,LJLJ,Ljubljana,Slovenia,1271,914,2,912,10244.036666666701,1803.8466666666661,
2024,08,AUG,GCFV,Fuerteventura,Spain,2173,2099,2,2097,26102.1833333333,4918.866666666666,
2024,08,AUG,GCLP,Gran Canaria,Spain,5439,3974,44,3930,51068.094166666706,14325.4225,
2024,08,AUG,GCRR,Lanzarote,Spain,3107,2810,9,2801,34754.0333333333,6299.533333333333,
2024,08,AUG,GCTS,Tenerife Sur - Reina Sofia,Spain,3334,2724,16,2708,32797.24,6531.593333333333,
2024,08,AUG,GCXO,Tenerife North,Spain,3598,1973,1,1972,20811.218333333298,3626.314999999999,
2024,08,AUG,LEAL,Alicante,Spain,5922,4759,51,4708,56891.16666666671,12394.800000000001,
2024,08,AUG,LEBB,Bilbao,Spain,2255,1842,0,1842,21232.975,3134.9750000000004,
2024,08,AUG,LEBL,Barcelona,Spain,15920,12732,75,12657,150586.3825,36760.5341666667,
2024,08,AUG,LEIB,Ibiza,Spain,6223,4843,40,4803,59725.3333333333,14046.616666666701,
2024,08,AUG,LEMD,Madrid - Barajas,Spain,18008,13974,122,13852,160193.1033333333,29516.63,
2024,08,AUG,LEMG,Málaga,Spain,8908,7112,44,7068,83147.1833333333,23110.2666666667,
2024,08,AUG,LEPA,Palma de Mallorca,Spain,15219,12063,26,12037,143356.4758333333,35666.957500000004,
2024,08,AUG,LEVC,Valencia,Spain,3992,2915,0,2915,34799.1008333333,6006.9158333333335,
2024,08,AUG,LEZL,Sevilla,Spain,2770,1943,0,1943,21056.4808333333,1929.3191666666662,
2024,08,AUG,ESGG,Göteborg,Sweden,2388,1798,55,1743,19154.655000000002,5111.511666666665,
2024,08,AUG,ESSA,Stockholm - Arlanda,Sweden,8863,6970,0,6970,78740.595,13304.605,
2024,08,AUG,LSGG,Geneva,Switzerland,7587,6192,0,6192,74953.2858333333,18510.0141666667,
2024,08,AUG,LSZH,Zürich,Switzerland,12051,10004,34,9970,120805.32749999991,33175.7391666667,
2024,08,AUG,LTFM,Istanbul,Türkiye,23430,15777,0,15777,196816.5025,73516.1308333333,
2024,08,AUG,EGBB,Birmingham,United Kingdom,4874,3521,5,3516,43125.6366666667,8721.38,
2024,08,AUG,EGCC,Manchester,United Kingdom,,,,,,,NO DATA RECEIVED
2024,08,AUG,EGGD,Bristol,United Kingdom,4043,2677,3,2674,31688.7225,5468.4775,
2024,08,AUG,EGGW,London - Luton,United Kingdom,6066,4548,0,4548,61057.5933333333,15853.3733333333,
2024,08,AUG,EGKK,London - Gatwick,United Kingdom,13319,9565,36,9529,121890.1333333333,74769.8333333333,
2024,08,AUG,EGLC,London - City,United Kingdom,1984,1914,54,1860,20311.4133333333,3072.736666666666,
2024,08,AUG,EGLL,London - Heathrow,United Kingdom,20812,17959,17,17942,254676.0566666666,131462.26,
2024,08,AUG,EGNT,Newcastle,United Kingdom,2459,1478,57,1421,17068.6616666667,2375.104999999999,
2024,08,AUG,EGPD,Aberdeen,United Kingdom,1726,1497,0,1497,17598.5683333333,4048.1150000000002,
2024,08,AUG,EGPF,Glasgow,United Kingdom,3420,2505,7,2498,30539.825,6113.741666666666,
2024,08,AUG,EGPH,Edinburgh,United Kingdom,5828,4610,17,4593,57179.45250000001,12475.3641666667,
2024,08,AUG,EGSS,London - Stansted,United Kingdom,9665,7033,8,7025,88106.3383333333,22147.245,
2024,09,SEP,LOWW,Vienna,Austria,11679,9678,0,9678,106529.4699999999,30220.629999999997,
2024,09,SEP,EBBR,Brussels,Belgium,9036,7151,111,7040,79747.4366666667,16595.9633333333,
2024,09,SEP,EBCI,Charleroi,Belgium,3443,2396,19,2377,26497.1358333333,5016.064166666666,
2024,09,SEP,LBSF,Sofia,Bulgaria,2942,2173,117,2056,21714.851666666702,5360.081666666666,
2024,09,SEP,LDZA,Zagreb,Croatia,2285,1768,0,1768,19539.953333333302,4654.613333333333,
2024,09,SEP,LKPR,Prague,Czech Republic,6513,5306,0,5306,58749.5875,15098.712500000001,
2024,09,SEP,EKCH,Copenhagen - Kastrup,Denmark,11161,8940,125,8815,100601.49749999991,20786.6691666667,
2024,09,SEP,EETN,Tallinn,Estonia,2009,966,16,950,10033.846666666701,1422.7033333333331,
2024,09,SEP,EFHK,Helsinki - Vantaa,Finland,6772,4410,47,4363,46512.271666666704,10336.245,
2024,09,SEP,LFBO,Toulouse-Blagnac,France,3123,2549,72,2477,29805.282499999998,5747.367499999999,
2024,09,SEP,LFLL,Lyon-Saint-Exupéry,France,4217,3444,6,3438,38634.04,6920.860000000001,
2024,09,SEP,LFML,Marseille-Provence,France,4550,3523,8,3515,31794.965,13719.035,
2024,09,SEP,LFMN,Nice-Côte d’Azur,France,7546,6723,39,6684,79734.54000000001,30015.61,
2024,09,SEP,LFPG,Paris-Charles-de-Gaulle,France,20499,16836,267,16569,222000.5466666666,37345.37,
2024,09,SEP,LFPO,Paris-Orly,France,9570,8288,63,8225,102368.2166666666,20472.916666666697,
2024,09,SEP,LFSB,Bâle-Mulhouse,France,4066,2864,13,2851,34183.8233333333,8322.76,
2024,09,SEP,EDDB,Berlin - Brandenburg,Germany,8996,7688,61,7627,86608.3108333333,19266.1558333333,
2024,09,SEP,EDDC,Dresden,Germany,543,421,51,370,4046.574999999999,836.2916666666671,
2024,09,SEP,EDDE,Erfurt,Germany,299,49,49,0,,,NO REF FLIGHT
2024,09,SEP,EDDF,Frankfurt,Germany,19904,17480,90,17390,223667.2833333333,51180.25,
2024,09,SEP,EDDG,Muenster-Osnabrueck,Germany,1207,413,94,319,3708.3375,738.2791666666672,
2024,09,SEP,EDDH,Hamburg,Germany,6151,4931,236,4695,56791.4658333333,12651.567500000001,
2024,09,SEP,EDDK,Cologne-Bonn,Germany,5485,2769,613,2156,26221.833333333303,3976.7166666666662,
2024,09,SEP,EDDL,Dusseldorf,Germany,7616,6284,98,6186,74291.3883333333,12013.9116666667,
2024,09,SEP,EDDM,Munich,Germany,15243,13262,0,13262,151485.9083333333,36685.225,
2024,09,SEP,EDDN,Nuremberg,Germany,2556,1183,23,1160,13725.0991666667,2673.100833333333,
2024,09,SEP,EDDP,Leipzig-Halle,Germany,3292,1277,18,1259,14807.275000000001,2085.558333333333,
2024,09,SEP,EDDR,Saarbruecken,Germany,300,230,77,153,1795.261666666666,456.72166666666703,
2024,09,SEP,EDDS,Stuttgart,Germany,4899,3295,44,3251,37942.1516666667,6016.548333333333,
2024,09,SEP,EDDV,Hanover,Germany,3203,1542,170,1372,15373.3816666667,2693.3183333333327,
2024,09,SEP,EDDW,Bremen,Germany,1503,807,18,789,9192.680833333334,1774.7858333333331,
2024,09,SEP,LGAV,Athens,Greece,13323,8660,57,8603,100009.1699999999,30763.863333333302,
2024,09,SEP,LHBP,Budapest - Ferihegy,Hungary,5891,4516,35,4481,53534.844166666706,10452.1725,
2024,09,SEP,BIKF,Keflavik,Iceland,,,,,,,NO DATA RECEIVED
2024,09,SEP,EICK,Cork,Ireland,2124,850,3,847,9083.083333333334,1646.2666666666662,
2024,09,SEP,EIDW,Dublin,Ireland,11395,8767,0,8767,100938.66500000001,34678.185,
2024,09,SEP,LICC,Catania,Italy,4160,3466,107,3359,36724.7316666667,15606.8016666667,
2024,09,SEP,LIMC,Milan - Malpensa,Italy,10124,7723,13,7710,86590.4666666667,33517.8166666667,
2024,09,SEP,LIME,Bergamo,Italy,4991,3833,100,3733,44239.232500000006,9686.000833333334,
2024,09,SEP,LIMF,Torino Caselle,Italy,1835,1351,0,1351,15566.048333333301,2889.235,
2024,09,SEP,LIML,Milan - Linate,Italy,5236,4500,0,4500,47064.4833333333,10980.9,
2024,09,SEP,LIPE,Bologna,Italy,3684,2879,0,2879,34321.4333333333,10040.800000000001,
2024,09,SEP,LIPZ,Venice,Italy,4418,3630,43,3587,36993.950000000004,12311.6666666667,
2024,09,SEP,LIRA,Rome - Ciampino,Italy,1833,1606,62,1544,14693.0666666667,3992.783333333333,
2024,09,SEP,LIRF,Rome - Fiumicino,Italy,14605,12434,25,12409,137387.1699999999,46878.53,
2024,09,SEP,LIRN,Naples,Italy,4825,4007,44,3963,44611.1458333333,22206.8375,
2024,09,SEP,EVRA,Riga,Latvia,2682,1693,23,1670,18353.2258333333,3223.2575,
2024,09,SEP,ELLX,Luxembourg,Luxembourg,3874,2589,0,2589,29510.6041666667,6195.362499999999,
2024,09,SEP,LMML,Malta,Malta,3637,2379,64,2315,24803.9883333333,9394.011666666665,
2024,09,SEP,GMMN,Mohammed V International,Morocco,3910,2887,575,2312,23564.2666666667,8386.916666666666,
2024,09,SEP,GMMX,Menara,Morocco,2690,2242,877,1365,14472.016666666701,3422.166666666666,
2024,09,SEP,EHAM,Amsterdam - Schiphol,Netherlands,21828,18759,39,18720,222440.1399999999,48281.81,
2024,09,SEP,ENBR,Bergen,Norway,,,,,,,DATA ISSUE
2024,09,SEP,ENGM,Oslo - Gardermoen,Norway,10378,8942,80,8862,99234.93833333331,23046.9616666667,
2024,09,SEP,ENVA,Trondheim,Norway,,,,,,,DATA ISSUE
2024,09,SEP,ENZV,Stavanger,Norway,,,,,,,DATA ISSUE
2024,09,SEP,EPWA,Warszawa - Chopina,Poland,8494,6890,81,6809,76371.80750000001,22993.5091666667,
2024,09,SEP,LPFR,Faro,Portugal,3868,3415,42,3373,37652.914166666706,5178.685833333333,
2024,09,SEP,LPPR,Porto,Portugal,4902,4064,35,4029,47468.1458333333,12327.9041666667,
2024,09,SEP,LPPT,Lisbon,Portugal,10212,7988,14,7974,103097.29833333331,46019.768333333304,
2024,09,SEP,LROP,Bucharest - Otopeni,Romania,5448,3758,0,3758,38892.805,9027.311666666666,
2024,09,SEP,LZIB,Bratislava,Slovakia,1495,789,29,760,7986.0875000000005,1793.062499999999,
2024,09,SEP,LJLJ,Ljubljana,Slovenia,1175,876,2,874,9956.17,1997.3466666666661,
2024,09,SEP,GCFV,Fuerteventura,Spain,2064,1985,6,1979,24578.89,4519.86,
2024,09,SEP,GCLP,Gran Canaria,Spain,5107,3661,127,3534,45787.8333333333,17548.4833333333,
2024,09,SEP,GCRR,Lanzarote,Spain,2869,2614,4,2610,32524.2741666667,5720.692499999999,
2024,09,SEP,GCTS,Tenerife Sur - Reina Sofia,Spain,3105,2583,20,2563,31196.4116666667,5555.355,
2024,09,SEP,GCXO,Tenerife North,Spain,3519,1809,2,1807,19060.39,3418.809999999999,
2024,09,SEP,LEAL,Alicante,Spain,5543,4435,49,4386,52716.3166666667,12888.8833333333,
2024,09,SEP,LEBB,Bilbao,Spain,2430,1951,2,1949,22714.453333333302,4163.213333333333,
2024,09,SEP,LEBL,Barcelona,Spain,15694,12689,35,12654,150512.1666666666,49209.0333333333,
2024,09,SEP,LEIB,Ibiza,Spain,4898,3789,40,3749,44223.2583333333,9430.608333333334,
2024,09,SEP,LEMD,Madrid - Barajas,Spain,17953,14177,177,14000,161184.6891666666,35100.3941666667,
2024,09,SEP,LEMG,Málaga,Spain,8324,6642,39,6603,79732.37,22574.829999999998,
2024,09,SEP,LEPA,Palma de Mallorca,Spain,13875,10875,26,10849,130232.6333333333,32247.416666666697,
2024,09,SEP,LEVC,Valencia,Spain,3977,2961,0,2961,34712.5891666667,6282.694166666666,
2024,09,SEP,LEZL,Sevilla,Spain,2961,2161,0,2161,23755.653333333303,2825.163333333333,
2024,09,SEP,ESGG,Göteborg,Sweden,2451,1840,62,1778,18976.8975,4808.419166666666,
2024,09,SEP,ESSA,Stockholm - Arlanda,Sweden,8974,7256,204,7052,79639.54916666671,15637.7508333333,
2024,09,SEP,LSGG,Geneva,Switzerland,7555,6319,0,6319,76520.4333333333,22251.449999999997,
2024,09,SEP,LSZH,Zürich,Switzerland,11877,9953,16,9937,121710.7491666666,37462.45083333331,
2024,09,SEP,LTFM,Istanbul,Türkiye,22427,15104,0,15104,196365.73750000002,61499.4958333333,
2024,09,SEP,EGBB,Birmingham,United Kingdom,4736,3450,15,3435,40918.1833333333,10320.983333333299,
2024,09,SEP,EGCC,Manchester,United Kingdom,,,,,,,NO DATA RECEIVED
2024,09,SEP,EGGD,Bristol,United Kingdom,3916,2644,15,2629,31014.3116666667,6866.288333333333,
2024,09,SEP,EGGW,London - Luton,United Kingdom,6038,4512,0,4512,61311.7516666667,18674.0816666667,
2024,09,SEP,EGKK,London - Gatwick,United Kingdom,12801,9376,9,9367,121135.3433333333,86980.6066666667,
2024,09,SEP,EGLC,London - City,United Kingdom,2198,2122,72,2050,23364.670000000002,3554.6800000000003,
2024,09,SEP,EGLL,London - Heathrow,United Kingdom,20028,17206,61,17145,250394.8999999999,146650.6833333333,
2024,09,SEP,EGNT,Newcastle,United Kingdom,2215,1431,66,1365,15380.0183333333,2838.414999999999,
2024,09,SEP,EGPD,Aberdeen,United Kingdom,1653,1395,2,1393,16083.965,4175.918333333333,
2024,09,SEP,EGPF,Glasgow,United Kingdom,3471,2517,43,2474,29273.9583333333,6409.308333333333,
2024,09,SEP,EGPH,Edinburgh,United Kingdom,5725,4493,1,4492,53507.590000000004,12248.060000000001,
2024,09,SEP,EGSS,London - Stansted,United Kingdom,9173,6668,13,6655,86073.9966666667,23982.920000000002,
2024,10,OCT,LOWW,Vienna,Austria,11558,9793,0,9793,107548.3474999999,28535.502500000002,
2024,10,OCT,EBBR,Brussels,Belgium,8818,6939,72,6867,76674.99750000001,13947.319166666699,
2024,10,OCT,EBCI,Charleroi,Belgium,3751,2550,13,2537,27950.046666666698,4312.186666666666,
2024,10,OCT,LBSF,Sofia,Bulgaria,2859,2100,57,2043,21597.9158333333,5633.234166666666,
2024,10,OCT,LDZA,Zagreb,Croatia,2272,1802,0,1802,19913.7475,4591.2525,
2024,10,OCT,LKPR,Prague,Czech Republic,5880,4932,0,4932,54864.08,11650.5033333333,
2024,10,OCT,EKCH,Copenhagen - Kastrup,Denmark,11086,8951,90,8861,103767.5383333333,21773.3116666667,
2024,10,OCT,EETN,Tallinn,Estonia,1993,971,24,947,10427.5125,2003.270833333333,
2024,10,OCT,EFHK,Helsinki - Vantaa,Finland,6910,4525,34,4491,47090.9983333333,10794.6516666667,
2024,10,OCT,LFBO,Toulouse-Blagnac,France,3099,2524,75,2449,28805.3683333333,5494.981666666666,
2024,10,OCT,LFLL,Lyon-Saint-Exupéry,France,4262,3514,0,3514,39222.594166666706,8094.389166666666,
2024,10,OCT,LFML,Marseille-Provence,France,4458,3419,135,3284,29839.0783333333,13380.6216666667,
2024,10,OCT,LFMN,Nice-Côte d’Azur,France,6197,5535,67,5468,65522.088333333304,21147.9616666667,
2024,10,OCT,LFPG,Paris-Charles-de-Gaulle,France,20353,16578,136,16442,222762.2008333333,37155.8491666667,
2024,10,OCT,LFPO,Paris-Orly,France,9015,7748,101,7647,93152.1466666667,16823.203333333302,
2024,10,OCT,LFSB,Bâle-Mulhouse,France,4091,2882,8,2874,34213.1691666667,8244.380833333335,
2024,10,OCT,EDDB,Berlin - Brandenburg,Germany,9248,8005,0,8005,93054.81,19540.973333333302,
2024,10,OCT,EDDC,Dresden,Germany,513,417,30,387,4445.475833333333,754.6741666666671,
2024,10,OCT,EDDE,Erfurt,Germany,333,68,68,0,,,NO REF FLIGHT
2024,10,OCT,EDDF,Frankfurt,Germany,19924,17588,40,17548,224096.5866666666,51129.0133333333,
2024,10,OCT,EDDG,Muenster-Osnabrueck,Germany,1255,445,105,340,3941.7250000000004,768.1916666666671,
2024,10,OCT,EDDH,Hamburg,Germany,6216,5173,96,5077,62963.9258333333,12695.6575,
2024,10,OCT,EDDK,Cologne-Bonn,Germany,5815,2869,189,2680,33182.8591666667,4851.7075,
2024,10,OCT,EDDL,Dusseldorf,Germany,7751,6566,0,6566,77578.2,12492.4,
2024,10,OCT,EDDM,Munich,Germany,15098,13355,0,13355,151560.155,40408.378333333305,
2024,10,OCT,EDDN,Nuremberg,Germany,2360,1199,37,1162,13558.622500000001,2379.060833333333,
2024,10,OCT,EDDP,Leipzig-Halle,Germany,3589,1372,88,1284,14651.893333333299,2138.956666666666,
2024,10,OCT,EDDR,Saarbruecken,Germany,274,212,112,100,1075.716666666666,340.40000000000003,
2024,10,OCT,EDDS,Stuttgart,Germany,4718,3217,40,3177,37113.709166666704,5734.674166666666,
2024,10,OCT,EDDV,Hanover,Germany,3212,1603,146,1457,16294.704166666701,2716.1625,
2024,10,OCT,EDDW,Bremen,Germany,1567,862,17,845,9935.3575,1804.3425000000002,
2024,10,OCT,LGAV,Athens,Greece,11900,8374,31,8343,97396.99,27438.260000000002,
2024,10,OCT,LHBP,Budapest - Ferihegy,Hungary,5769,4395,50,4345,52287.6441666667,9967.189166666665,
2024,10,OCT,BIKF,Keflavik,Iceland,,,,,,,NO DATA RECEIVED
2024,10,OCT,EICK,Cork,Ireland,1704,766,6,760,8658.789999999999,1929.5766666666661,
2024,10,OCT,EIDW,Dublin,Ireland,10753,8414,19,8395,96045.30750000001,33065.2091666667,
2024,10,OCT,LICC,Catania,Italy,3852,3216,49,3167,34158.9733333333,13756.5433333333,
2024,10,OCT,LIMC,Milan - Malpensa,Italy,9922,7586,1,7585,85027.45,24115.850000000002,
2024,10,OCT,LIME,Bergamo,Italy,4781,3685,70,3615,43346.670000000006,8990.73,
2024,10,OCT,LIMF,Torino Caselle,Italy,1866,1342,1,1341,15516.6691666667,2607.230833333333,
2024,10,OCT,LIML,Milan - Linate,Italy,5035,4392,0,4392,45828.866666666705,9975.633333333335,
2024,10,OCT,LIPE,Bologna,Italy,3602,2798,0,2798,32739.9,9379.85,
2024,10,OCT,LIPZ,Venice,Italy,4216,3504,20,3484,35746.2833333333,11116.216666666702,
2024,10,OCT,LIRA,Rome - Ciampino,Italy,1883,1675,13,1662,15733.8633333333,3527.27,
2024,10,OCT,LIRF,Rome - Fiumicino,Italy,14073,11908,5,11903,127408.14416666659,41640.5558333333,
2024,10,OCT,LIRN,Naples,Italy,4207,3522,29,3493,39197.48666666671,16639.38,
2024,10,OCT,EVRA,Riga,Latvia,2689,1687,19,1668,18336.855833333302,3525.4775,
2024,10,OCT,ELLX,Luxembourg,Luxembourg,3726,2583,0,2583,29339.9091666667,5759.724166666666,
2024,10,OCT,LMML,Malta,Malta,3821,2389,68,2321,24866.600000000002,7062.666666666666,
2024,10,OCT,GMMN,Mohammed V International,Morocco,3709,2859,724,2135,22834.27,8307.13,
2024,10,OCT,GMMX,Menara,Morocco,2678,2221,61,2160,23425.9216666667,7027.561666666666,
2024,10,OCT,EHAM,Amsterdam - Schiphol,Netherlands,21846,18984,40,18944,227282.0791666666,50549.2541666667,
2024,10,OCT,ENBR,Bergen,Norway,,,,,,,DATA ISSUE
2024,10,OCT,ENGM,Oslo - Gardermoen,Norway,10093,8727,22,8705,98552.72166666671,23497.1783333333,
2024,10,OCT,ENVA,Trondheim,Norway,,,,,,,DATA ISSUE
2024,10,OCT,ENZV,Stavanger,Norway,,,,,,,DATA ISSUE
2024,10,OCT,EPWA,Warszawa - Chopina,Poland,8251,6666,144,6522,74769.88,25909.02,
2024,10,OCT,LPFR,Faro,Portugal,3658,3272,52,3220,35923.4675,6081.5824999999995,
2024,10,OCT,LPPR,Porto,Portugal,4835,4021,42,3979,47626.58500000001,13703.1816666667,
2024,10,OCT,LPPT,Lisbon,Portugal,10156,8093,20,8073,101373.8316666666,48987.8683333333,
2024,10,OCT,LROP,Bucharest - Otopeni,Romania,5516,3845,6,3839,40383.4391666667,8894.0275,
2024,10,OCT,LZIB,Bratislava,Slovakia,1101,547,28,519,5619.453333333333,1313.9133333333332,
2024,10,OCT,LJLJ,Ljubljana,Slovenia,1091,820,2,818,9371.135,1877.8483333333331,
2024,10,OCT,GCFV,Fuerteventura,Spain,2156,2053,28,2025,25098.86,4583.173333333333,
2024,10,OCT,GCLP,Gran Canaria,Spain,5827,4214,184,4030,52432.13833333331,18769.3616666667,
2024,10,OCT,GCRR,Lanzarote,Spain,2988,2704,2,2702,33847.5316666667,6536.785,
2024,10,OCT,GCTS,Tenerife Sur - Reina Sofia,Spain,3602,3084,30,3054,37848.848333333306,7863.035,
2024,10,OCT,GCXO,Tenerife North,Spain,3493,1648,2,1646,17492.601666666702,3686.6150000000002,
2024,10,OCT,LEAL,Alicante,Spain,5579,4573,76,4497,53840.814999999995,13360.6516666667,
2024,10,OCT,LEBB,Bilbao,Spain,2215,1779,1,1778,21192.4016666667,4459.615,
2024,10,OCT,LEBL,Barcelona,Spain,15603,12754,21,12733,154719.12,52405.2633333333,
2024,10,OCT,LEIB,Ibiza,Spain,3692,2804,23,2781,32042.883333333302,6045.066666666666,
2024,10,OCT,LEMD,Madrid - Barajas,Spain,16848,13396,131,13265,157659.65166666658,52314.0483333333,
2024,10,OCT,LEMG,Málaga,Spain,8101,6576,40,6536,81446.6958333333,24420.6541666667,
2024,10,OCT,LEPA,Palma de Mallorca,Spain,12497,9954,15,9939,116528.5683333333,26985.1983333333,
2024,10,OCT,LEVC,Valencia,Spain,3889,2969,0,2969,34593.238333333305,6334.278333333333,
2024,10,OCT,LEZL,Sevilla,Spain,2975,2277,0,2277,25542.456666666698,4102.36,
2024,10,OCT,ESGG,Göteborg,Sweden,2311,1738,45,1693,18362.968333333298,5216.731666666666,
2024,10,OCT,ESSA,Stockholm - Arlanda,Sweden,8807,7109,0,7109,80777.97,16722.9633333333,
2024,10,OCT,LSGG,Geneva,Switzerland,7440,6191,0,6191,74228.8333333333,20540,
2024,10,OCT,LSZH,Zürich,Switzerland,11887,10143,3,10140,122549.55166666661,39761.948333333305,
2024,10,OCT,LTFM,Istanbul,Türkiye,21344,14496,1,14495,192176.0616666666,49122.6883333333,
2024,10,OCT,EGBB,Birmingham,United Kingdom,4530,3438,14,3424,42214.120833333305,9220.5625,
2024,10,OCT,EGCC,Manchester,United Kingdom,,,,,,,NO DATA RECEIVED
2024,10,OCT,EGGD,Bristol,United Kingdom,3668,2501,3,2498,29472.170000000002,6645.263333333333,
2024,10,OCT,EGGW,London - Luton,United Kingdom,5830,4287,0,4287,57304.558333333305,16560.0083333333,
2024,10,OCT,EGKK,London - Gatwick,United Kingdom,12327,9285,0,9285,119153.7583333333,61122.3416666667,
2024,10,OCT,EGLC,London - City,United Kingdom,2308,2245,65,2180,24869.7858333333,4077.714166666666,
2024,10,OCT,EGLL,London - Heathrow,United Kingdom,20533,17806,82,17724,253442.1999999999,122915.0499999999,
2024,10,OCT,EGNT,Newcastle,United Kingdom,2251,1417,36,1381,16324.0941666667,2711.6391666666664,
2024,10,OCT,EGPD,Aberdeen,United Kingdom,1703,1479,3,1476,17353.4883333333,4504.961666666666,
2024,10,OCT,EGPF,Glasgow,United Kingdom,3402,2553,21,2532,30331.0691666667,6486.947499999999,
2024,10,OCT,EGPH,Edinburgh,United Kingdom,5515,4354,9,4345,52671.771666666704,10430.445,
2024,10,OCT,EGSS,London - Stansted,United Kingdom,9176,6868,25,6843,88004.6458333333,20576.6041666667,
2024,11,NOV,LOWW,Vienna,Austria,9132,7887,0,7887,86793.69166666671,23653.625,
2024,11,NOV,EBBR,Brussels,Belgium,7768,6145,83,6062,67799.4633333333,15056.220000000001,
2024,11,NOV,EBCI,Charleroi,Belgium,2838,2063,9,2054,22785.8775,3994.5725,
2024,11,NOV,LBSF,Sofia,Bulgaria,2458,1919,6,1913,20057.1091666667,6150.340833333333,
2024,11,NOV,LDZA,Zagreb,Croatia,1929,1583,0,1583,17527.5283333333,4923.588333333333,
2024,11,NOV,LKPR,Prague,Czech Republic,4884,4105,214,3891,44225.7616666667,12477.255,
2024,11,NOV,EKCH,Copenhagen - Kastrup,Denmark,9018,7344,105,7239,84544.2016666667,17615.7483333333,
2024,11,NOV,EETN,Tallinn,Estonia,1401,711,10,701,7929.896666666666,1766.019999999999,
2024,11,NOV,EFHK,Helsinki - Vantaa,Finland,6298,4183,33,4150,44734.402500000004,11747.7641666667,
2024,11,NOV,LFBO,Toulouse-Blagnac,France,2536,2129,37,2092,24355.8683333333,3997.131666666666,
2024,11,NOV,LFLL,Lyon-Saint-Exupéry,France,3413,2862,0,2862,31683.2075,6256.0425,
2024,11,NOV,LFML,Marseille-Provence,France,3411,2691,100,2591,23509.4966666667,9063.053333333333,
2024,11,NOV,LFMN,Nice-Côte d’Azur,France,4294,3819,73,3746,44946.878333333305,12216.455,
2024,11,NOV,LFPG,Paris-Charles-de-Gaulle,France,17718,14207,267,13940,188892.8583333333,33842.4583333333,
2024,11,NOV,LFPO,Paris-Orly,France,6976,5903,142,5761,68956.3291666667,12790.2541666667,
2024,11,NOV,LFSB,Bâle-Mulhouse,France,2930,2095,5,2090,24474.756666666697,5945.843333333333,
2024,11,NOV,EDDB,Berlin - Brandenburg,Germany,7508,6607,0,6607,79123.1708333333,17675.6625,
2024,11,NOV,EDDC,Dresden,Germany,436,342,19,323,3725.414999999999,779.5016666666671,
2024,11,NOV,EDDE,Erfurt,Germany,232,60,60,0,,,NO REF FLIGHT
2024,11,NOV,EDDF,Frankfurt,Germany,17413,15480,287,15193,192299.36750000002,53299.7158333333,
2024,11,NOV,EDDG,Muenster-Osnabrueck,Germany,764,291,63,228,2643.1625,640.6875,
2024,11,NOV,EDDH,Hamburg,Germany,4661,4033,55,3978,48625.8633333333,7346.653333333333,
2024,11,NOV,EDDK,Cologne-Bonn,Germany,4280,2271,137,2134,25868.975,4669.191666666666,
2024,11,NOV,EDDL,Dusseldorf,Germany,5429,4699,2,4697,55646.238333333305,9909.978333333334,
2024,11,NOV,EDDM,Munich,Germany,12732,11335,0,11335,129364.55,32668.7666666667,
2024,11,NOV,EDDN,Nuremberg,Germany,1779,1004,41,963,11351.1883333333,2253.861666666666,
2024,11,NOV,EDDP,Leipzig-Halle,Germany,3129,1151,69,1082,12282.569166666699,1986.064166666666,
2024,11,NOV,EDDR,Saarbruecken,Germany,202,137,55,82,902.0366666666671,297.13,
2024,11,NOV,EDDS,Stuttgart,Germany,3516,2575,0,2575,30178.36,5195.823333333333,
2024,11,NOV,EDDV,Hanover,Germany,2217,1267,100,1167,13143.6641666667,2556.169166666666,
2024,11,NOV,EDDW,Bremen,Germany,1213,721,16,705,8304.233333333334,1727.2666666666662,
2024,11,NOV,LGAV,Athens,Greece,9004,6925,14,6911,80723.5675,18883.6658333333,
2024,11,NOV,LHBP,Budapest - Ferihegy,Hungary,5167,3947,46,3901,47128.2808333333,9665.485833333334,
2024,11,NOV,BIKF,Keflavik,Iceland,,,,,,,NO DATA RECEIVED
2024,11,NOV,EICK,Cork,Ireland,1457,628,5,623,7034.0599999999995,1612.6899999999991,
2024,11,NOV,EIDW,Dublin,Ireland,8592,6892,0,6892,78060.45,20312.9833333333,
2024,11,NOV,LICC,Catania,Italy,2632,2183,55,2128,22947.013333333303,7780.42,
2024,11,NOV,LIMC,Milan - Malpensa,Italy,8118,6167,0,6167,70018.4,23175.833333333303,
2024,11,NOV,LIME,Bergamo,Italy,3759,2936,11,2925,35075.186666666705,7088.38,
2024,11,NOV,LIMF,Torino Caselle,Italy,1681,1220,1,1219,14096.8166666667,2396.683333333333,
2024,11,NOV,LIML,Milan - Linate,Italy,4700,4109,0,4109,42899.3166666667,12366.5,
2024,11,NOV,LIPE,Bologna,Italy,2606,2033,0,2033,23871.2733333333,6659.21,
2024,11,NOV,LIPZ,Venice,Italy,2824,2353,9,2344,23998.9333333333,5720.8499999999995,
2024,11,NOV,LIRA,Rome - Ciampino,Italy,1649,1483,28,1455,13595.1633333333,3007.203333333333,
2024,11,NOV,LIRF,Rome - Fiumicino,Italy,11559,9757,39,9718,107854.9741666666,29962.5091666667,
2024,11,NOV,LIRN,Naples,Italy,1935,1616,25,1591,17854.351666666702,3405.631666666666,
2024,11,NOV,EVRA,Riga,Latvia,2366,1612,11,1601,17525.949999999997,3633.066666666666,
2024,11,NOV,ELLX,Luxembourg,Luxembourg,3005,2165,0,2165,24577.510000000002,5370.79,
2024,11,NOV,LMML,Malta,Malta,3114,1932,41,1891,20309.325,7465.091666666666,
2024,11,NOV,GMMN,Mohammed V International,Morocco,3114,2421,355,2066,22432.1116666667,7853.921666666666,
2024,11,NOV,GMMX,Menara,Morocco,2695,2318,76,2242,23785.8,6495.083333333333,
2024,11,NOV,EHAM,Amsterdam - Schiphol,Netherlands,19155,16861,71,16790,200382.3208333333,47153.762500000004,
2024,11,NOV,ENBR,Bergen,Norway,,,,,,,DATA ISSUE
2024,11,NOV,ENGM,Oslo - Gardermoen,Norway,8575,7487,68,7419,82350.97166666671,21149.378333333298,
2024,11,NOV,ENVA,Trondheim,Norway,,,,,,,DATA ISSUE
2024,11,NOV,ENZV,Stavanger,Norway,,,,,,,DATA ISSUE
2024,11,NOV,EPWA,Warszawa - Chopina,Poland,7146,5795,0,5795,64479.014166666704,16703.7358333333,
2024,11,NOV,LPFR,Faro,Portugal,1590,1457,42,1415,15901.8416666667,2712.0750000000003,
2024,11,NOV,LPPR,Porto,Portugal,3742,3054,10,3044,36499.8141666667,7440.6525,
2024,11,NOV,LPPT,Lisbon,Portugal,8760,7241,28,7213,92860.1725,36442.2441666667,
2024,11,NOV,LROP,Bucharest - Otopeni,Romania,4671,3321,2,3319,34364.2658333333,7641.367499999999,
2024,11,NOV,LZIB,Bratislava,Slovakia,893,457,7,450,4899.475833333333,1349.0908333333332,
2024,11,NOV,LJLJ,Ljubljana,Slovenia,787,591,3,588,6680.2908333333335,1459.259166666666,
2024,11,NOV,GCFV,Fuerteventura,Spain,2315,2186,6,2180,26411.236666666697,5502.88,
2024,11,NOV,GCLP,Gran Canaria,Spain,6340,4810,109,4701,59112.4858333333,18839.464166666698,
2024,11,NOV,GCRR,Lanzarote,Spain,2979,2768,8,2760,34443.0366666667,7587.496666666666,
2024,11,NOV,GCTS,Tenerife Sur - Reina Sofia,Spain,4168,3687,51,3636,47029.20833333331,12945.7583333333,
2024,11,NOV,GCXO,Tenerife North,Spain,3483,1640,1,1639,17943.94,4753.46,
2024,11,NOV,LEAL,Alicante,Spain,4240,3740,82,3658,44100.1833333333,11554.9333333333,
2024,11,NOV,LEBB,Bilbao,Spain,1859,1457,0,1457,17281.8916666667,3347.174999999999,
2024,11,NOV,LEBL,Barcelona,Spain,12912,10581,487,10094,121682.15500000001,31085.4616666667,
2024,11,NOV,LEIB,Ibiza,Spain,1414,855,21,834,9802.365,1553.251666666666,
2024,11,NOV,LEMD,Madrid - Barajas,Spain,16720,13465,38,13427,156379.6133333333,52647.17,
2024,11,NOV,LEMG,Málaga,Spain,5936,5044,84,4960,59617.98,16666.219999999998,
2024,11,NOV,LEPA,Palma de Mallorca,Spain,5240,3857,28,3829,48149.015,6514.634999999999,
2024,11,NOV,LEVC,Valencia,Spain,3111,2572,0,2572,29967.624166666697,5405.775833333333,
2024,11,NOV,LEZL,Sevilla,Spain,2902,2228,0,2228,26009.4283333333,4045.154999999999,
2024,11,NOV,ESGG,Göteborg,Sweden,1884,1439,44,1395,14941.2,4411.9000000000005,
2024,11,NOV,ESSA,Stockholm - Arlanda,Sweden,6762,5466,1,5465,62026.525833333304,12764.690833333301,
2024,11,NOV,LSGG,Geneva,Switzerland,5906,4904,0,4904,58983.66666666671,13507.1833333333,
2024,11,NOV,LSZH,Zürich,Switzerland,9549,8302,18,8284,98866.4225,25035.6275,
2024,11,NOV,LTFM,Istanbul,Türkiye,20224,13627,0,13627,182140.1649999999,54440.8183333333,
2024,11,NOV,EGBB,Birmingham,United Kingdom,3307,2891,13,2878,35225.9966666667,6858.486666666666,
2024,11,NOV,EGCC,Manchester,United Kingdom,,,,,,,NO DATA RECEIVED
2024,11,NOV,EGGD,Bristol,United Kingdom,2370,1837,18,1819,21277.1541666667,3924.595833333333,
2024,11,NOV,EGGW,London - Luton,United Kingdom,4568,3502,0,3502,46784.7516666667,12539.798333333301,
2024,11,NOV,EGKK,London - Gatwick,United Kingdom,8585,6956,0,6956,89675.6391666667,25766.9775,
2024,11,NOV,EGLC,London - City,United Kingdom,2080,2037,90,1947,22298.989999999998,3752.8266666666664,
2024,11,NOV,EGLL,London - Heathrow,United Kingdom,19089,16741,68,16673,238792.6324999999,129533.8175,
2024,11,NOV,EGNT,Newcastle,United Kingdom,1585,1229,31,1198,14291.6216666667,2339.611666666666,
2024,11,NOV,EGPD,Aberdeen,United Kingdom,1486,1300,1,1299,15047.028333333301,4189.771666666666,
2024,11,NOV,EGPF,Glasgow,United Kingdom,2650,2163,16,2147,26004.5075,5319.359166666666,
2024,11,NOV,EGPH,Edinburgh,United Kingdom,4267,3567,8,3559,43982.83,9571.403333333334,
2024,11,NOV,EGSS,London - Stansted,United Kingdom,7502,5905,11,5894,77646.56999999999,18940.93,
2024,12,DEC,LOWW,Vienna,Austria,9376,8055,0,8055,89673.9833333333,26425.916666666697,
2024,12,DEC,EBBR,Brussels,Belgium,7805,6264,42,6222,69761.79,17626.326666666697,
2024,12,DEC,EBCI,Charleroi,Belgium,2915,2189,15,2174,24085.22,4758.996666666666,
2024,12,DEC,LBSF,Sofia,Bulgaria,2596,2013,10,2003,21079.212499999998,6622.904166666666,
2024,12,DEC,LDZA,Zagreb,Croatia,1911,1562,0,1562,17279.466666666696,4372.133333333333,
2024,12,DEC,LKPR,Prague,Czech Republic,5222,4411,17,4394,50177.9966666667,15794.5033333333,
2024,12,DEC,EKCH,Copenhagen - Kastrup,Denmark,8636,7059,204,6855,80034.65916666671,18069.2075,
2024,12,DEC,EETN,Tallinn,Estonia,1407,743,10,733,8206.866666666667,1793.116666666666,
2024,12,DEC,EFHK,Helsinki - Vantaa,Finland,6109,4160,81,4079,43171.348333333306,10567.5683333333,
2024,12,DEC,LFBO,Toulouse-Blagnac,France,2701,2270,30,2240,26540.8458333333,4742.054166666666,
2024,12,DEC,LFLL,Lyon-Saint-Exupéry,France,3640,3014,0,3014,33317.58500000001,6715.081666666666,
2024,12,DEC,LFML,Marseille-Provence,France,3531,2818,65,2753,24896.0325,9543.6675,
2024,12,DEC,LFMN,Nice-Côte d’Azur,France,4564,4057,33,4024,48319.366666666705,12516.5333333333,
2024,12,DEC,LFPG,Paris-Charles-de-Gaulle,France,19225,15665,109,15556,207811.7999999999,41526.1833333333,
2024,12,DEC,LFPO,Paris-Orly,France,7783,6560,52,6508,82404.7933333333,18914.1566666667,
2024,12,DEC,LFSB,Bâle-Mulhouse,France,3223,2215,4,2211,25936.345,6012.388333333333,
2024,12,DEC,EDDB,Berlin - Brandenburg,Germany,7378,6486,0,6486,78210.46,17731.473333333302,
2024,12,DEC,EDDC,Dresden,Germany,341,260,7,253,2980.986666666666,636.63,
2024,12,DEC,EDDE,Erfurt,Germany,114,39,39,0,,,NO REF FLIGHT
2024,12,DEC,EDDF,Frankfurt,Germany,16688,14800,9,14791,186149.2641666666,50521.1691666667,
2024,12,DEC,EDDG,Muenster-Osnabrueck,Germany,497,260,59,201,2325.0116666666663,526.488333333333,
2024,12,DEC,EDDH,Hamburg,Germany,4299,3765,63,3702,45240.686666666705,9661.28,
2024,12,DEC,EDDK,Cologne-Bonn,Germany,4136,2243,160,2083,24766.8883333333,4287.895,
2024,12,DEC,EDDL,Dusseldorf,Germany,5127,4370,1,4369,52058.155,9958.261666666665,
2024,12,DEC,EDDM,Munich,Germany,12073,10772,0,10772,123621.24,31071.293333333302,
2024,12,DEC,EDDN,Nuremberg,Germany,1627,956,30,926,10906.6775,2201.689166666666,
2024,12,DEC,EDDP,Leipzig-Halle,Germany,2946,1129,79,1050,12021.7033333333,2180.0966666666664,
2024,12,DEC,EDDR,Saarbruecken,Germany,106,71,33,38,415.68,104.286666666667,
2024,12,DEC,EDDS,Stuttgart,Germany,3111,2319,0,2319,26747.4425,4585.3075,
2024,12,DEC,EDDV,Hanover,Germany,1752,1114,72,1042,11771.6475,2392.152499999999,
2024,12,DEC,EDDW,Bremen,Germany,1002,665,12,653,7759.51,1575.6733333333332,
2024,12,DEC,LGAV,Athens,Greece,9108,7001,22,6979,81057.61750000001,21441.1658333333,
2024,12,DEC,LHBP,Budapest - Ferihegy,Hungary,5359,4101,37,4064,49508.3216666667,10374.1783333333,
2024,12,DEC,BIKF,Keflavik,Iceland,,,,,,,NO DATA RECEIVED
2024,12,DEC,EICK,Cork,Ireland,1460,691,2,689,7665.383333333333,1793.166666666666,
2024,12,DEC,EIDW,Dublin,Ireland,8600,6847,15,6832,74905.0408333333,26729.3258333333,
2024,12,DEC,LICC,Catania,Italy,2783,2293,76,2217,23815.2541666667,8248.995833333334,
2024,12,DEC,LIMC,Milan - Malpensa,Italy,8700,6631,2,6629,75575.65,27194.633333333302,
2024,12,DEC,LIME,Bergamo,Italy,3936,3061,15,3046,36627.45666666671,8830.61,
2024,12,DEC,LIMF,Torino Caselle,Italy,1881,1368,2,1366,16213.300000000001,2718.316666666666,
2024,12,DEC,LIML,Milan - Linate,Italy,4729,4076,0,4076,42753.8,11347.1333333333,
2024,12,DEC,LIPE,Bologna,Italy,2719,2129,0,2129,24946.1833333333,7288.283333333333,
2024,12,DEC,LIPZ,Venice,Italy,2993,2446,4,2442,25006.5666666667,7002.316666666666,
2024,12,DEC,LIRA,Rome - Ciampino,Italy,1458,1300,73,1227,11552.31,2676.79,
2024,12,DEC,LIRF,Rome - Fiumicino,Italy,12026,10137,78,10059,113835.19166666661,34527.825000000004,
2024,12,DEC,LIRN,Naples,Italy,2054,1696,25,1671,18758.870833333298,3959.7125,
2024,12,DEC,EVRA,Riga,Latvia,2440,1688,16,1672,18265.69,3945.726666666666,
2024,12,DEC,ELLX,Luxembourg,Luxembourg,2943,2188,0,2188,24979.75,5964.966666666666,
2024,12,DEC,LMML,Malta,Malta,2856,1889,74,1815,19506.2991666667,8359.750833333334,
2024,12,DEC,GMMN,Mohammed V International,Morocco,3829,2992,263,2729,29672.432500000003,8996.400833333335,
2024,12,DEC,GMMX,Menara,Morocco,3102,2685,80,2605,27470.1258333333,7067.2575,
2024,12,DEC,EHAM,Amsterdam - Schiphol,Netherlands,19443,17083,22,17061,205739.6533333333,55525.296666666705,
2024,12,DEC,ENBR,Bergen,Norway,,,,,,,DATA ISSUE
2024,12,DEC,ENGM,Oslo - Gardermoen,Norway,7949,6968,63,6905,77411.17,20063.73,
2024,12,DEC,ENVA,Trondheim,Norway,,,,,,,DATA ISSUE
2024,12,DEC,ENZV,Stavanger,Norway,,,,,,,DATA ISSUE
2024,12,DEC,EPWA,Warszawa - Chopina,Poland,7353,5968,13,5955,66168.73,18011.403333333303,
2024,12,DEC,LPFR,Faro,Portugal,1450,1302,44,1258,14148.0333333333,1798.033333333333,
2024,12,DEC,LPPR,Porto,Portugal,3993,3308,10,3298,38959.9191666667,8007.4974999999995,
2024,12,DEC,LPPT,Lisbon,Portugal,9137,7553,27,7526,101340.54833333331,37685.5516666667,
2024,12,DEC,LROP,Bucharest - Otopeni,Romania,4737,3332,23,3309,34462.1,7801.5166666666655,
2024,12,DEC,LZIB,Bratislava,Slovakia,811,438,9,429,4650.340833333333,1241.4925,
2024,12,DEC,LJLJ,Ljubljana,Slovenia,791,604,4,600,6750.797500000001,1350.802499999999,
2024,12,DEC,GCFV,Fuerteventura,Spain,2331,2253,5,2248,27708,5625.683333333333,
2024,12,DEC,GCLP,Gran Canaria,Spain,6404,4937,71,4866,62522.4691666667,17013.030833333298,
2024,12,DEC,GCRR,Lanzarote,Spain,3095,2879,1,2878,36755.146666666704,6448.053333333333,
2024,12,DEC,GCTS,Tenerife Sur - Reina Sofia,Spain,4312,3837,57,3780,46177.9333333333,13484.716666666702,
2024,12,DEC,GCXO,Tenerife North,Spain,3423,1722,4,1718,18847.8258333333,4670.0075,
2024,12,DEC,LEAL,Alicante,Spain,4168,3639,147,3492,41593.152500000004,8625.647500000001,
2024,12,DEC,LEBB,Bilbao,Spain,1886,1497,0,1497,17512.8183333333,3793.264999999999,
2024,12,DEC,LEBL,Barcelona,Spain,13313,11000,185,10815,126869.59666666659,31056.469999999998,
2024,12,DEC,LEIB,Ibiza,Spain,1333,857,1,856,9731.866666666667,1672.5999999999992,
2024,12,DEC,LEMD,Madrid - Barajas,Spain,17380,14070,40,14030,159356.2541666666,39174.5625,
2024,12,DEC,LEMG,Málaga,Spain,5876,5008,48,4960,61718.8833333333,15148.4333333333,
2024,12,DEC,LEPA,Palma de Mallorca,Spain,4689,3506,12,3494,41761.982500000006,4769.284166666665,
2024,12,DEC,LEVC,Valencia,Spain,3151,2619,0,2619,30248.6625,4743.1375,
2024,12,DEC,LEZL,Sevilla,Spain,2867,2265,0,2265,26932.4,3948.0166666666664,
2024,12,DEC,ESGG,Göteborg,Sweden,1817,1371,39,1332,14605.785,3924.2816666666663,
2024,12,DEC,ESSA,Stockholm - Arlanda,Sweden,6432,5156,18,5138,58260.48666666671,12747.7466666667,
2024,12,DEC,LSGG,Geneva,Switzerland,7220,6143,0,6143,74094.0291666667,24663.9708333333,
2024,12,DEC,LSZH,Zürich,Switzerland,10009,8630,9,8621,103335.29499999991,27451.0216666667,
2024,12,DEC,LTFM,Istanbul,Türkiye,21263,14455,67,14388,194008.1708333333,56892.762500000004,
2024,12,DEC,EGBB,Birmingham,United Kingdom,3464,2938,5,2933,35528.43,9085.27,
2024,12,DEC,EGCC,Manchester,United Kingdom,,,,,,,NO DATA RECEIVED
2024,12,DEC,EGGD,Bristol,United Kingdom,2653,2039,1,2038,23770.9625,5660.770833333333,
2024,12,DEC,EGGW,London - Luton,United Kingdom,5087,3902,0,3902,51628.14,16695.06,
2024,12,DEC,EGKK,London - Gatwick,United Kingdom,10076,8017,0,8017,102753.2499999999,47408.450000000004,
2024,12,DEC,EGLC,London - City,United Kingdom,1894,1850,38,1812,20484.56,4441.59,
2024,12,DEC,EGLL,London - Heathrow,United Kingdom,19467,17040,24,17016,237449.0741666666,133071.9758333333,
2024,12,DEC,EGNT,Newcastle,United Kingdom,1569,1233,60,1173,13888.125,2732.191666666666,
2024,12,DEC,EGPD,Aberdeen,United Kingdom,1391,1165,2,1163,13522.7566666667,3903.6600000000003,
2024,12,DEC,EGPF,Glasgow,United Kingdom,2626,2108,10,2098,25566.386666666698,6512.213333333333,
2024,12,DEC,EGPH,Edinburgh,United Kingdom,4390,3652,5,3647,44919.0341666667,11430.6158333333,
2024,12,DEC,EGSS,London - Stansted,United Kingdom,7614,6003,21,5982,75757.3908333333,24770.8591666667,
